#TAXONOMY,Domain,Phylum,Class,Order,Family,Genus,Species
ASV1,d__Bacteria,p__Bacteroidota,c__Bacteroidia,o__Bacteroidales,f__Muribaculaceae,g__,s__
ASV2,d__Bacteria,p__Bacteroidota,c__Bacteroidia,o__Bacteroidales,f__Muribaculaceae,g__,s__
ASV3,d__Bacteria,p__Bacteroidota,c__Bacteroidia,o__Bacteroidales,f__Muribaculaceae,g__,s__
ASV4,d__Bacteria,p__Bacteroidota,c__Bacteroidia,o__Bacteroidales,f__Muribaculaceae,g__,s__
ASV5,d__Bacteria,p__Bacteroidota,c__Bacteroidia,o__Bacteroidales,f__Bacteroidaceae,g__Bacteroides,s__
ASV6,d__Bacteria,p__Bacteroidota,c__Bacteroidia,o__Bacteroidales,f__Muribaculaceae,g__,s__
ASV7,d__Bacteria,p__Bacteroidota,c__Bacteroidia,o__Bacteroidales,f__Muribaculaceae,g__,s__
ASV8,d__Bacteria,p__Bacteroidota,c__Bacteroidia,o__Bacteroidales,f__Rikenellaceae,g__Alistipes,s__
ASV9,d__Bacteria,p__Bacteroidota,c__Bacteroidia,o__Bacteroidales,f__Muribaculaceae,g__,s__
ASV10,d__Bacteria,p__Bacteroidota,c__Bacteroidia,o__Bacteroidales,f__Muribaculaceae,g__,s__
ASV11,d__Bacteria,p__Firmicutes,c__Bacilli,o__Lactobacillales,f__Lactobacillaceae,g__Lactobacillus,s__
ASV12,d__Bacteria,p__Bacteroidota,c__Bacteroidia,o__Bacteroidales,f__Muribaculaceae,g__,s__
ASV13,d__Bacteria,p__Firmicutes,c__Clostridia,o__Lachnospirales,f__Lachnospiraceae,g__Lachnospiraceae_NK4A136_group,s__
ASV14,d__Bacteria,p__Firmicutes,c__Bacilli,o__Erysipelotrichales,f__Erysipelotrichaceae,g__Turicibacter,s__
ASV15,d__Bacteria,p__Bacteroidota,c__Bacteroidia,o__Bacteroidales,f__Muribaculaceae,g__,s__
ASV16,d__Bacteria,p__Firmicutes,c__Bacilli,o__RF39,f__,g__,s__
ASV17,d__Bacteria,p__Firmicutes,c__Bacilli,o__Lactobacillales,f__Lactobacillaceae,g__Lactobacillus,s__
ASV18,d__Bacteria,p__Firmicutes,c__Clostridia,o__Lachnospirales,f__Lachnospiraceae,g__,s__
ASV19,d__Bacteria,p__Firmicutes,c__Bacilli,o__Lactobacillales,f__Lactobacillaceae,g__Lactobacillus,s__
ASV20,d__Bacteria,p__Firmicutes,c__Clostridia,o__Lachnospirales,f__Lachnospiraceae,g__Lachnospiraceae_NK4A136_group,s__
ASV21,d__Bacteria,p__Firmicutes,c__Clostridia,o__Lachnospirales,f__Lachnospiraceae,g__,s__
ASV22,d__Bacteria,p__Firmicutes,c__Clostridia,o__Peptococcales,f__Peptococcaceae,g__,s__
ASV23,d__Bacteria,p__Firmicutes,c__Clostridia,o__Oscillospirales,f__Oscillospiraceae,g__Oscillibacter,s__
ASV24,d__Bacteria,p__Firmicutes,c__Clostridia,o__Oscillospirales,f__Oscillospiraceae,g__Oscillibacter,s__
ASV25,d__Bacteria,p__Firmicutes,c__Clostridia,o__Lachnospirales,f__Lachnospiraceae,g__Eisenbergiella,s__
ASV26,d__Bacteria,p__Firmicutes,c__Clostridia,o__Lachnospirales,f__Lachnospiraceae,g__Lachnospiraceae_NK4A136_group,s__
ASV27,d__Bacteria,p__Firmicutes,c__Clostridia,o__Lachnospirales,f__Lachnospiraceae,g__Lachnospiraceae_NK4A136_group,s__
ASV28,d__Bacteria,p__Firmicutes,c__Clostridia,o__Lachnospirales,f__Lachnospiraceae,g__,s__
ASV29,d__Bacteria,p__Firmicutes,c__Clostridia,o__Lachnospirales,f__Lachnospiraceae,g__Lachnospiraceae_NK4A136_group,s__
ASV30,d__Bacteria,p__Firmicutes,c__Bacilli,o__Staphylococcales,f__Staphylococcaceae,g__Staphylococcus,s__
ASV31,d__Bacteria,p__Firmicutes,c__Clostridia,o__Lachnospirales,f__Lachnospiraceae,g__Lachnospiraceae_NK4A136_group,s__
ASV32,d__Bacteria,p__Firmicutes,c__Clostridia,o__Lachnospirales,f__Lachnospiraceae,g__,s__
ASV33,d__Bacteria,p__Firmicutes,c__Clostridia,o__Lachnospirales,f__Lachnospiraceae,g__Lachnospiraceae_NK4A136_group,s__
ASV34,d__Bacteria,p__Firmicutes,c__Clostridia,o__Lachnospirales,f__Lachnospiraceae,g__Lachnospiraceae_NK4A136_group,s__
ASV35,d__Bacteria,p__Firmicutes,c__Clostridia,o__Lachnospirales,f__Lachnospiraceae,g__,s__
ASV36,d__Bacteria,p__Firmicutes,c__Clostridia,o__Lachnospirales,f__Lachnospiraceae,g__,s__
ASV37,d__Bacteria,p__Proteobacteria,c__Gammaproteobacteria,o__Pseudomonadales,f__Moraxellaceae,g__Acinetobacter,s__
ASV38,d__Bacteria,p__Firmicutes,c__Clostridia,o__Lachnospirales,f__Lachnospiraceae,g__Lachnospiraceae_UCG-001,s__
ASV39,d__Bacteria,p__Firmicutes,c__Clostridia,o__Lachnospirales,f__Lachnospiraceae,g__,s__
ASV40,d__Bacteria,p__Firmicutes,c__Clostridia,o__Lachnospirales,f__Lachnospiraceae,g__Lachnoclostridium,s__
ASV41,d__Bacteria,p__Firmicutes,c__Bacilli,o__Bacillales,f__Bacillaceae,g__Bacillus,s__
ASV42,d__Bacteria,p__Firmicutes,c__Clostridia,o__Oscillospirales,f__Ruminococcaceae,g__Incertae_Sedis,s__
ASV43,d__Bacteria,p__Firmicutes,c__Clostridia,o__Lachnospirales,f__Lachnospiraceae,g__,s__
ASV44,d__Bacteria,p__Firmicutes,c__Clostridia,o__Lachnospirales,f__Lachnospiraceae,g__,s__
ASV45,d__Bacteria,p__Firmicutes,c__Clostridia,o__Lachnospirales,f__Lachnospiraceae,g__Roseburia,s__
ASV46,d__Bacteria,p__Firmicutes,c__Clostridia,o__Lachnospirales,f__Lachnospiraceae,g__Lachnoclostridium,s__
ASV47,d__Bacteria,p__Firmicutes,c__Clostridia,o__Peptostreptococcales-Tissierellales,f__Anaerovoracaceae,g__,s__
ASV48,d__Bacteria,p__Firmicutes,c__Clostridia,o__Lachnospirales,f__Lachnospiraceae,g__Lachnospiraceae_UCG-001,s__
ASV49,d__Bacteria,p__Campilobacterota,c__Campylobacteria,o__Campylobacterales,f__Helicobacteraceae,g__Helicobacter,s__
ASV50,d__Bacteria,p__Firmicutes,c__Clostridia,o__Lachnospirales,f__Lachnospiraceae,g__Lachnospiraceae_NK4A136_group,s__
ASV51,d__Bacteria,p__Firmicutes,c__Clostridia,o__Lachnospirales,f__Lachnospiraceae,g__Lachnospiraceae_NK4A136_group,s__
ASV52,d__Bacteria,p__Firmicutes,c__Bacilli,o__Acholeplasmatales,f__Acholeplasmataceae,g__Anaeroplasma,s__
ASV53,d__Bacteria,p__Firmicutes,c__Clostridia,o__Lachnospirales,f__Lachnospiraceae,g__Lachnospiraceae_NK4A136_group,s__
ASV54,d__Bacteria,p__Firmicutes,c__Bacilli,o__RF39,f__,g__,s__
ASV55,d__Bacteria,p__Firmicutes,c__Clostridia,o__Clostridiales,f__Clostridiaceae,g__Clostridium_sensu_stricto_1,s__
ASV56,d__Bacteria,p__Proteobacteria,c__Gammaproteobacteria,o__Burkholderiales,f__Neisseriaceae,g__Neisseria,s__
ASV57,d__Bacteria,p__Firmicutes,c__Clostridia,o__Lachnospirales,f__Lachnospiraceae,g__Lachnospiraceae_NK4A136_group,s__
ASV58,d__Bacteria,p__Actinobacteriota,c__Actinobacteria,o__Actinomycetales,f__Actinomycetaceae,g__Actinomyces,s__
ASV59,d__Bacteria,p__Firmicutes,c__Clostridia,o__Lachnospirales,f__Lachnospiraceae,g__Lachnospiraceae_NK4A136_group,s__
ASV60,d__Bacteria,p__Firmicutes,c__Clostridia,o__Oscillospirales,f__Oscillospiraceae,g__,s__
ASV61,d__Bacteria,p__Firmicutes,c__Clostridia,o__Lachnospirales,f__Lachnospiraceae,g__,s__
ASV62,d__Bacteria,p__Actinobacteriota,c__Actinobacteria,o__Bifidobacteriales,f__Bifidobacteriaceae,g__Bifidobacterium,s__
ASV63,d__Bacteria,p__Firmicutes,c__Clostridia,o__Lachnospirales,f__Lachnospiraceae,g__Acetatifactor,s__
ASV64,d__Bacteria,p__Firmicutes,c__Clostridia,o__Lachnospirales,f__Lachnospiraceae,g__A2,s__
ASV65,d__Bacteria,p__Firmicutes,c__Clostridia,o__Oscillospirales,f__Oscillospiraceae,g__,s__
ASV66,d__Bacteria,p__Firmicutes,c__Clostridia,o__Lachnospirales,f__Lachnospiraceae,g__,s__
ASV67,d__Bacteria,p__Firmicutes,c__Clostridia,o__Clostridiales,f__Clostridiaceae,g__Clostridium_sensu_stricto_1,s__
ASV68,d__Bacteria,p__Bacteroidota,c__Bacteroidia,o__Bacteroidales,f__Bacteroidaceae,g__Bacteroides,s__
ASV69,d__Bacteria,p__Firmicutes,c__Clostridia,o__Lachnospirales,f__Lachnospiraceae,g__Lachnospiraceae_UCG-004,s__
ASV70,d__Bacteria,p__Firmicutes,c__Clostridia,o__Lachnospirales,f__Lachnospiraceae,g__Lachnoclostridium,s__
ASV71,d__Bacteria,p__Firmicutes,c__Clostridia,o__Oscillospirales,f__Oscillospiraceae,g__,s__
ASV72,d__Bacteria,p__Firmicutes,c__Clostridia,o__Lachnospirales,f__Lachnospiraceae,g__,s__
ASV73,d__Bacteria,p__Firmicutes,c__Clostridia,o__Lachnospirales,f__Lachnospiraceae,g__Roseburia,s__
ASV74,d__Bacteria,p__Firmicutes,c__Clostridia,o__Oscillospirales,f__Oscillospiraceae,g__Colidextribacter,s__
ASV75,d__Bacteria,p__Firmicutes,c__Clostridia,o__Lachnospirales,f__Lachnospiraceae,g__Roseburia,s__
ASV76,d__Bacteria,p__Firmicutes,c__Clostridia,o__Lachnospirales,f__Lachnospiraceae,g__Lachnospiraceae_FCS020_group,s__
ASV77,d__Bacteria,p__Firmicutes,c__Bacilli,o__Lactobacillales,f__Streptococcaceae,g__Streptococcus,s__
ASV78,d__Bacteria,p__Firmicutes,c__Clostridia,o__Lachnospirales,f__Lachnospiraceae,g__Lachnospiraceae_NK4A136_group,s__
ASV79,d__Bacteria,p__Firmicutes,c__Clostridia,o__Lachnospirales,f__Lachnospiraceae,g__,s__
ASV80,d__Bacteria,p__Firmicutes,c__Clostridia,o__Oscillospirales,f__Ruminococcaceae,g__Incertae_Sedis,s__
ASV81,d__Bacteria,p__Firmicutes,c__Clostridia,o__Lachnospirales,f__Lachnospiraceae,g__Lachnospiraceae_NK4A136_group,s__
ASV82,d__Bacteria,p__Firmicutes,c__Clostridia,o__Lachnospirales,f__Lachnospiraceae,g__Roseburia,s__
ASV83,d__Bacteria,p__Firmicutes,c__Clostridia,o__Lachnospirales,f__Lachnospiraceae,g__Roseburia,s__
ASV84,d__Bacteria,p__Firmicutes,c__Clostridia,o__Clostridia_vadinBB60_group,f__,g__,s__
ASV85,d__Bacteria,p__Firmicutes,c__Clostridia,o__Oscillospirales,f__Oscillospiraceae,g__,s__
ASV86,d__Bacteria,p__Proteobacteria,c__Gammaproteobacteria,o__Enterobacterales,f__Enterobacteriaceae,g__Escherichia/Shigella,s__
ASV87,d__Bacteria,p__Firmicutes,c__Bacilli,o__Lactobacillales,f__Enterococcaceae,g__Enterococcus,s__
ASV88,d__Bacteria,p__Firmicutes,c__Clostridia,o__Lachnospirales,f__Lachnospiraceae,g__,s__
ASV89,d__Bacteria,p__Patescibacteria,c__Saccharimonadia,o__Saccharimonadales,f__Saccharimonadaceae,g__Candidatus_Saccharimonas,s__
ASV90,d__Bacteria,p__Firmicutes,c__Clostridia,o__Lachnospirales,f__Lachnospiraceae,g__,s__
ASV91,d__Bacteria,p__Firmicutes,c__Clostridia,o__Lachnospirales,f__Lachnospiraceae,g__Lachnospiraceae_NK4A136_group,s__
ASV92,d__Bacteria,p__Firmicutes,c__Clostridia,o__Oscillospirales,f__Oscillospiraceae,g__Colidextribacter,s__
ASV93,d__Bacteria,p__Firmicutes,c__Clostridia,o__Lachnospirales,f__Lachnospiraceae,g__,s__
ASV94,d__Bacteria,p__Firmicutes,c__Clostridia,o__Lachnospirales,f__Lachnospiraceae,g__Lachnospiraceae_UCG-006,s__
ASV95,d__Bacteria,p__Firmicutes,c__Bacilli,o__Lactobacillales,f__Listeriaceae,g__Listeria,s__
ASV96,d__Bacteria,p__Firmicutes,c__Clostridia,o__Peptococcales,f__Peptococcaceae,g__,s__
ASV97,d__Bacteria,p__Firmicutes,c__Clostridia,o__Lachnospirales,f__Lachnospiraceae,g__Lachnoclostridium,s__
ASV98,d__Bacteria,p__Proteobacteria,c__Gammaproteobacteria,o__Pseudomonadales,f__Pseudomonadaceae,g__Pseudomonas,s__
ASV99,d__Bacteria,p__Firmicutes,c__Clostridia,o__Lachnospirales,f__Lachnospiraceae,g__Roseburia,s__
ASV100,d__Bacteria,p__Firmicutes,c__Clostridia,o__Clostridia_vadinBB60_group,f__,g__,s__
ASV101,d__Bacteria,p__Deinococcota,c__Deinococci,o__Deinococcales,f__Deinococcaceae,g__Deinococcus,s__
ASV102,d__Bacteria,p__Firmicutes,c__Clostridia,o__Oscillospirales,f__Oscillospiraceae,g__Colidextribacter,s__
ASV103,d__Bacteria,p__Firmicutes,c__Clostridia,o__Lachnospirales,f__Lachnospiraceae,g__,s__
ASV104,d__Bacteria,p__Proteobacteria,c__Alphaproteobacteria,o__Rickettsiales,f__Mitochondria,g__,s__
ASV105,d__Bacteria,p__Firmicutes,c__Clostridia,o__Lachnospirales,f__Lachnospiraceae,g__,s__
ASV106,d__Bacteria,p__Firmicutes,c__Clostridia,o__Lachnospirales,f__Lachnospiraceae,g__A2,s__
ASV107,d__Bacteria,p__Firmicutes,c__Clostridia,o__Lachnospirales,f__Lachnospiraceae,g__A2,s__
ASV108,d__Bacteria,p__Firmicutes,c__Clostridia,o__Clostridia_UCG-014,f__,g__,s__
ASV109,d__Bacteria,p__Firmicutes,c__Clostridia,o__Lachnospirales,f__Lachnospiraceae,g__Herbinix,s__
ASV110,d__Bacteria,p__Firmicutes,c__Clostridia,o__Lachnospirales,f__Lachnospiraceae,g__Lachnospiraceae_NK4A136_group,s__
ASV111,d__Bacteria,p__Firmicutes,c__Clostridia,o__Lachnospirales,f__Lachnospiraceae,g__Lachnospiraceae_NK4A136_group,s__
ASV112,d__Bacteria,p__Firmicutes,c__Clostridia,o__Lachnospirales,f__Lachnospiraceae,g__Lachnospiraceae_FCS020_group,s__
ASV113,d__Bacteria,p__Firmicutes,c__Clostridia,o__Lachnospirales,f__Lachnospiraceae,g__,s__
ASV114,d__Bacteria,p__Firmicutes,c__Clostridia,o__Lachnospirales,f__Lachnospiraceae,g__,s__
ASV115,d__Bacteria,p__Firmicutes,c__Clostridia,o__Lachnospirales,f__Lachnospiraceae,g__Lachnoclostridium,s__
ASV116,d__Bacteria,p__Firmicutes,c__Clostridia,o__Lachnospirales,f__Lachnospiraceae,g__Roseburia,s__
ASV117,d__Bacteria,p__Firmicutes,c__Clostridia,o__Lachnospirales,f__Lachnospiraceae,g__Roseburia,s__
ASV118,d__Bacteria,p__Firmicutes,c__Clostridia,o__Lachnospirales,f__Lachnospiraceae,g__Roseburia,s__
ASV119,d__Bacteria,p__Bacteroidota,c__Bacteroidia,o__Bacteroidales,f__Porphyromonadaceae,g__Porphyromonas,s__
ASV120,d__Bacteria,p__Firmicutes,c__Clostridia,o__Lachnospirales,f__Lachnospiraceae,g__Acetatifactor,s__
ASV121,d__Bacteria,p__Firmicutes,c__Clostridia,o__Lachnospirales,f__Lachnospiraceae,g__Lachnospiraceae_UCG-001,s__
ASV122,d__Bacteria,p__Firmicutes,c__Clostridia,o__Lachnospirales,f__Lachnospiraceae,g__Roseburia,s__
ASV123,d__Bacteria,p__Firmicutes,c__Clostridia,o__Lachnospirales,f__Lachnospiraceae,g__Lachnospiraceae_UCG-006,s__
ASV124,d__Bacteria,p__Bacteroidota,c__Bacteroidia,o__Bacteroidales,f__Muribaculaceae,g__,s__
ASV125,d__Bacteria,p__Firmicutes,c__Clostridia,o__Lachnospirales,f__Lachnospiraceae,g__,s__
ASV126,d__Bacteria,p__Firmicutes,c__Clostridia,o__Lachnospirales,f__Lachnospiraceae,g__GCA-900066575,s__
ASV127,d__Bacteria,p__Firmicutes,c__Clostridia,o__Lachnospirales,f__Lachnospiraceae,g__,s__
ASV128,d__Bacteria,p__Firmicutes,c__Clostridia,o__Lachnospirales,f__Lachnospiraceae,g__,s__
ASV129,d__Bacteria,p__Firmicutes,c__Clostridia,o__Lachnospirales,f__Lachnospiraceae,g__Lachnospiraceae_NK4A136_group,s__
ASV130,d__Bacteria,p__Firmicutes,c__Clostridia,o__Lachnospirales,f__Lachnospiraceae,g__Acetatifactor,s__
ASV131,d__Bacteria,p__Firmicutes,c__Clostridia,o__Lachnospirales,f__Lachnospiraceae,g__Lachnospiraceae_UCG-001,s__
ASV132,d__Bacteria,p__Firmicutes,c__Clostridia,o__Oscillospirales,f__Ruminococcaceae,g__Anaerotruncus,s__
ASV133,d__Bacteria,p__Firmicutes,c__Clostridia,o__Lachnospirales,f__Lachnospiraceae,g__,s__
ASV134,d__Bacteria,p__Firmicutes,c__Clostridia,o__Lachnospirales,f__Lachnospiraceae,g__,s__
ASV135,d__Bacteria,p__Firmicutes,c__Clostridia,o__Lachnospirales,f__Lachnospiraceae,g__,s__
ASV136,d__Bacteria,p__Firmicutes,c__Clostridia,o__Lachnospirales,f__Lachnospiraceae,g__ASF356,s__
ASV137,d__Bacteria,p__Firmicutes,c__Bacilli,o__RF39,f__,g__,s__
ASV138,d__Bacteria,p__Firmicutes,c__Clostridia,o__Lachnospirales,f__Lachnospiraceae,g__Roseburia,s__
ASV139,d__Bacteria,p__Proteobacteria,c__Gammaproteobacteria,o__Pseudomonadales,f__Pseudomonadaceae,g__Pseudomonas,s__
ASV140,d__Bacteria,p__Proteobacteria,c__Alphaproteobacteria,o__Rhodobacterales,f__Rhodobacteraceae,g__Rhodobacter,s__
ASV141,d__Bacteria,p__Firmicutes,c__Clostridia,o__Clostridia_vadinBB60_group,f__,g__,s__
ASV142,d__Bacteria,p__Firmicutes,c__Clostridia,o__Lachnospirales,f__Lachnospiraceae,g__Acetatifactor,s__
ASV143,d__Bacteria,p__Firmicutes,c__Bacilli,o__Lactobacillales,f__Streptococcaceae,g__Streptococcus,s__
ASV144,d__Bacteria,p__Firmicutes,c__Clostridia,o__Lachnospirales,f__Lachnospiraceae,g__ASF356,s__
ASV145,d__Bacteria,p__Firmicutes,c__Clostridia,o__Clostridia_vadinBB60_group,f__,g__,s__
ASV146,d__Bacteria,p__Firmicutes,c__Clostridia,o__Lachnospirales,f__Lachnospiraceae,g__,s__
ASV147,d__Bacteria,p__Firmicutes,c__Clostridia,o__Lachnospirales,f__Lachnospiraceae,g__,s__
ASV148,d__Bacteria,p__Firmicutes,c__Clostridia,o__Christensenellales,f__Christensenellaceae,g__,s__
ASV149,d__Bacteria,p__Firmicutes,c__Clostridia,o__Lachnospirales,f__Lachnospiraceae,g__,s__
ASV150,d__Bacteria,p__Actinobacteriota,c__Coriobacteriia,o__Coriobacteriales,f__Eggerthellaceae,g__Enterorhabdus,s__
ASV151,d__Bacteria,p__Firmicutes,c__Clostridia,o__Lachnospirales,f__Lachnospiraceae,g__,s__
ASV152,d__Bacteria,p__Firmicutes,c__Clostridia,o__Peptostreptococcales-Tissierellales,f__Anaerovoracaceae,g__Family_XIII_UCG-001,s__
ASV153,d__Bacteria,p__Firmicutes,c__Clostridia,o__Lachnospirales,f__Lachnospiraceae,g__Lachnoclostridium,s__
ASV154,d__Bacteria,p__Firmicutes,c__Clostridia,o__Lachnospirales,f__Lachnospiraceae,g__Lachnoclostridium,s__
ASV155,d__Bacteria,p__Firmicutes,c__Clostridia,o__Lachnospirales,f__Lachnospiraceae,g__Lachnospiraceae_NK4A136_group,s__
ASV156,d__Bacteria,p__Firmicutes,c__Clostridia,o__Lachnospirales,f__Lachnospiraceae,g__Acetatifactor,s__
ASV157,d__Bacteria,p__Firmicutes,c__Clostridia,o__Oscillospirales,f__,g__,s__
ASV158,d__Bacteria,p__Firmicutes,c__Clostridia,o__Lachnospirales,f__Lachnospiraceae,g__GCA-900066575,s__
ASV159,d__Bacteria,p__Firmicutes,c__Clostridia,o__Lachnospirales,f__Lachnospiraceae,g__Eisenbergiella,s__
ASV160,d__Bacteria,p__Firmicutes,c__Clostridia,o__Lachnospirales,f__Lachnospiraceae,g__,s__
ASV161,d__Bacteria,p__Firmicutes,c__Clostridia,o__Lachnospirales,f__Lachnospiraceae,g__,s__
ASV162,d__Bacteria,p__Firmicutes,c__Clostridia,o__Oscillospirales,f__Oscillospiraceae,g__Oscillibacter,s__
ASV163,d__Bacteria,p__Bacteroidota,c__Bacteroidia,o__Bacteroidales,f__Muribaculaceae,g__,s__
ASV164,d__Bacteria,p__Firmicutes,c__Clostridia,o__Lachnospirales,f__Lachnospiraceae,g__Acetatifactor,s__
ASV165,d__Bacteria,p__Firmicutes,c__Clostridia,o__Clostridia_UCG-014,f__,g__,s__
ASV166,d__Bacteria,p__Firmicutes,c__Clostridia,o__Lachnospirales,f__Lachnospiraceae,g__Tyzzerella,s__
ASV167,d__Bacteria,p__Firmicutes,c__Clostridia,o__Lachnospirales,f__Lachnospiraceae,g__,s__
ASV168,d__Bacteria,p__Firmicutes,c__Clostridia,o__Lachnospirales,f__Lachnospiraceae,g__,s__
ASV169,d__Bacteria,p__Firmicutes,c__Clostridia,o__Lachnospirales,f__Lachnospiraceae,g__,s__
ASV170,d__Bacteria,p__Firmicutes,c__Clostridia,o__Lachnospirales,f__Lachnospiraceae,g__Acetatifactor,s__
ASV171,d__Bacteria,p__Firmicutes,c__Clostridia,o__Oscillospirales,f__Oscillospiraceae,g__,s__
ASV172,d__Bacteria,p__Firmicutes,c__Clostridia,o__Lachnospirales,f__Lachnospiraceae,g__Lachnospiraceae_NK4A136_group,s__
ASV173,d__Bacteria,p__Firmicutes,c__Clostridia,o__Oscillospirales,f__Oscillospiraceae,g__,s__
ASV174,d__Bacteria,p__Firmicutes,c__Clostridia,o__Oscillospirales,f__Ruminococcaceae,g__,s__
ASV175,d__Bacteria,p__Firmicutes,c__Clostridia,o__Lachnospirales,f__Lachnospiraceae,g__Acetatifactor,s__
ASV176,d__Bacteria,p__Firmicutes,c__Clostridia,o__Oscillospirales,f__Ruminococcaceae,g__Paludicola,s__
ASV177,d__Bacteria,p__Firmicutes,c__Clostridia,o__Lachnospirales,f__Lachnospiraceae,g__,s__
ASV178,d__Bacteria,p__Firmicutes,c__Clostridia,o__Lachnospirales,f__Lachnospiraceae,g__Roseburia,s__
ASV179,d__Bacteria,p__Firmicutes,c__Clostridia,o__Oscillospirales,f__Oscillospiraceae,g__,s__
ASV180,d__Bacteria,p__Verrucomicrobiota,c__Verrucomicrobiae,o__Verrucomicrobiales,f__Akkermansiaceae,g__Akkermansia,s__
ASV181,d__Bacteria,p__Actinobacteriota,c__Coriobacteriia,o__Coriobacteriales,f__Eggerthellaceae,g__Enterorhabdus,s__
ASV182,d__Bacteria,p__Firmicutes,c__Bacilli,o__Lactobacillales,f__Streptococcaceae,g__Streptococcus,s__
ASV183,d__Bacteria,p__Firmicutes,c__Clostridia,o__Clostridiales,f__Clostridiaceae,g__Candidatus_Arthromitus,s__
ASV184,d__Bacteria,p__Firmicutes,c__Clostridia,o__Lachnospirales,f__Lachnospiraceae,g__,s__
ASV185,d__Bacteria,p__Firmicutes,c__Clostridia,o__Lachnospirales,f__Lachnospiraceae,g__Acetatifactor,s__
ASV186,d__Bacteria,p__Cyanobacteria,c__Cyanobacteriia,o__Chloroplast,f__,g__,s__
ASV187,d__Bacteria,p__Firmicutes,c__Clostridia,o__Oscillospirales,f__Oscillospiraceae,g__UCG-005,s__
ASV188,d__Bacteria,p__Firmicutes,c__Clostridia,o__Clostridia_UCG-014,f__,g__,s__
ASV189,d__Bacteria,p__Firmicutes,c__Clostridia,o__Clostridia_UCG-014,f__,g__,s__
ASV190,d__Bacteria,p__Firmicutes,c__Clostridia,o__Lachnospirales,f__Lachnospiraceae,g__,s__
ASV191,d__Bacteria,p__Firmicutes,c__Clostridia,o__Clostridia_vadinBB60_group,f__,g__,s__
ASV192,d__Bacteria,p__Firmicutes,c__Clostridia,o__Lachnospirales,f__Lachnospiraceae,g__,s__
ASV193,d__Bacteria,p__Bacteroidota,c__Bacteroidia,o__Bacteroidales,f__Muribaculaceae,g__,s__
ASV194,d__Bacteria,p__Firmicutes,c__Clostridia,o__Oscillospirales,f__Oscillospiraceae,g__,s__
ASV195,d__Bacteria,p__Actinobacteriota,c__Coriobacteriia,o__Coriobacteriales,f__Eggerthellaceae,g__Enterorhabdus,s__
ASV196,d__Bacteria,p__Bacteroidota,c__Bacteroidia,o__Bacteroidales,f__Muribaculaceae,g__,s__
ASV197,d__Bacteria,p__Firmicutes,c__Bacilli,o__Lactobacillales,f__Streptococcaceae,g__Streptococcus,s__
ASV198,d__Bacteria,p__Firmicutes,c__Clostridia,o__Lachnospirales,f__Lachnospiraceae,g__,s__
ASV199,d__Bacteria,p__Firmicutes,c__Bacilli,o__Erysipelotrichales,f__Erysipelatoclostridiaceae,g__,s__
ASV200,d__Bacteria,p__Patescibacteria,c__Saccharimonadia,o__Saccharimonadales,f__Saccharimonadaceae,g__Candidatus_Saccharimonas,s__
ASV201,d__Bacteria,p__Bacteroidota,c__Bacteroidia,o__Bacteroidales,f__Muribaculaceae,g__,s__
ASV202,d__Bacteria,p__Firmicutes,c__Clostridia,o__Lachnospirales,f__Lachnospiraceae,g__,s__
ASV203,d__Bacteria,p__Firmicutes,c__Clostridia,o__Oscillospirales,f__Oscillospiraceae,g__,s__
ASV204,d__Bacteria,p__Firmicutes,c__Clostridia,o__,f__,g__,s__
ASV205,d__Bacteria,p__Firmicutes,c__Clostridia,o__Lachnospirales,f__Lachnospiraceae,g__,s__
ASV206,d__Bacteria,p__Firmicutes,c__Clostridia,o__Lachnospirales,f__Lachnospiraceae,g__,s__
ASV207,d__Bacteria,p__Firmicutes,c__Clostridia,o__Lachnospirales,f__Lachnospiraceae,g__Anaerostipes,s__
ASV208,d__Bacteria,p__Firmicutes,c__Clostridia,o__Lachnospirales,f__Lachnospiraceae,g__,s__
ASV209,d__Bacteria,p__Firmicutes,c__Bacilli,o__Lactobacillales,f__Streptococcaceae,g__Streptococcus,s__
ASV210,d__Bacteria,p__Cyanobacteria,c__Cyanobacteriia,o__Chloroplast,f__,g__,s__
ASV211,d__Bacteria,p__Firmicutes,c__Clostridia,o__Clostridia_UCG-014,f__,g__,s__
ASV212,d__Bacteria,p__Firmicutes,c__Clostridia,o__Lachnospirales,f__Lachnospiraceae,g__Lachnospiraceae_UCG-006,s__
ASV213,d__Bacteria,p__Firmicutes,c__Clostridia,o__Lachnospirales,f__Lachnospiraceae,g__Lachnospiraceae_NK4A136_group,s__
ASV214,d__Bacteria,p__Firmicutes,c__Clostridia,o__Oscillospirales,f__Oscillospiraceae,g__Oscillibacter,s__
ASV215,d__Bacteria,p__Actinobacteriota,c__Coriobacteriia,o__Coriobacteriales,f__Eggerthellaceae,g__Enterorhabdus,s__
ASV216,d__Bacteria,p__Firmicutes,c__Clostridia,o__Lachnospirales,f__Lachnospiraceae,g__GCA-900066575,s__
ASV217,d__Bacteria,p__Firmicutes,c__Clostridia,o__Clostridia_vadinBB60_group,f__,g__,s__
ASV218,d__Bacteria,p__Cyanobacteria,c__Cyanobacteriia,o__Chloroplast,f__,g__,s__
ASV219,d__Bacteria,p__Firmicutes,c__Clostridia,o__Clostridia_UCG-014,f__,g__,s__
ASV220,d__Bacteria,p__Firmicutes,c__Bacilli,o__RF39,f__,g__,s__
ASV221,d__Bacteria,p__Actinobacteriota,c__Coriobacteriia,o__Coriobacteriales,f__Atopobiaceae,g__Olsenella,s__
ASV222,d__Bacteria,p__Firmicutes,c__Clostridia,o__Lachnospirales,f__Defluviitaleaceae,g__Defluviitaleaceae_UCG-011,s__
ASV223,d__Bacteria,p__Firmicutes,c__Bacilli,o__RF39,f__,g__,s__
