ID	ST	Accession No.	Region	District	Antibiotic Resistance	Antigenic Formulas	Average Length	Barcode	City	Collection Day	Collection Month	Collection Time	Collection Year	Comment	Lab Contact	Continent	Country	Date Entered	Disease	Experiment	Latitude	Longitude	Phage Type	Post Code	Release Date	Sample ID	Secondary Sample ID	Project ID	Insert Size	Sequencing Library	Sequencing Platform	Serovar	Source Details	Source Niche	Source Type	Name	Bio Project ID	Subspecies	Bases	Uberstrain
SAL_EA8759AA_AS	ST24669		England	London				SAL_CA6606AA			9		2014		"Gastrointestinal Bacteria Reference Unit, Public Health England"	Europe	United Kingdom	27/08/2015							09/04/2015	SAMN03465864	SRS897996	SRP042645				Minnesota	Homo sapiens; human	Human	Human	54015	PRJNA248792	I		26606
SAL_QA1923AA_AS	ST61352							SAL_IA3274AA			8		2016		Public Health England	Europe	United Kingdom	30/01/2017							30/01/2017	SAMN06278424	SRS1946935	SRP042645				Minnesota	Homo sapiens; human	Human	Human	287790	PRJNA248792	I		83274
SAL_SA9143AA_AS	ST71156							SAL_JA6554AA			3		2017		Public Health England	Europe	United Kingdom	23/05/2017							23/05/2017	SAMN07152276	SRS2214320	SRP042645				Minnesota	food	Food	ND/Others	357771	PRJNA248792	I		96554
SAL_TA0502AA_AS	ST72340							SAL_JA6840AA			4		2017		Public Health England	Europe	United Kingdom	24/05/2017							24/05/2017	SAMN07156031	SRS2216610	SRP042645				Minnesota	food	Food	ND/Others	362764	PRJNA248792	I		96840
SAL_TA1920AA_AS	ST72297							SAL_JA7935AA			4		2017		Public Health England	Europe	United Kingdom	02/06/2017							01/06/2017	SAMN07180679	SRS2243084	SRP042645				Minnesota	food	Food	ND/Others	362760	PRJNA248792	I		97935
SAL_TA2752AA_AS	ST71969		England			"21:b:e,n,x"		SAL_JA8835AA					2017		"Chattaway, PHE"	Europe	United Kingdom	09/06/2017	enteric						12/12/2017							Minnesota	Food	Food	ND/Others	362761		I (MLST)		98835
SAL_TA2745AA_AS	ST72297		England			"21:b:e,n,x"		SAL_JA8836AA					2017		"Chattaway, PHE"	Europe	United Kingdom	09/06/2017	enteric						12/12/2017							Minnesota	Food	Food	ND/Others	362762		I		98836
SAL_TA2746AA_AS	ST74132		England			"21:b:e,n,x"		SAL_JA8837AA					2017		"Chattaway, PHE"	Europe	United Kingdom	09/06/2017	enteric						12/12/2017							Minnesota	Food	Food	ND/Others	362763		I (MLST)		98837
SAL_TA2749AA_AS	ST74135		England			"21:b:e,n,x"		SAL_JA8840AA					2017		"Chattaway, PHE"	Europe	United Kingdom	09/06/2017	enteric						12/12/2017							Minnesota	Food	Food	ND/Others	368987		I (MLST)		98840
SAL_TA2750AA_AS	ST74134		England			"21:b:e,n,x"		SAL_JA8841AA					2017		"Chattaway, PHE"	Europe	United Kingdom	09/06/2017	enteric						12/12/2017							Minnesota	Food	Food	ND/Others	369984		I (MLST)		98841
SAL_TA2751AA_AS	ST74136		England			"21:b:e,n,x"		SAL_JA8842AA					2017		"Chattaway, PHE"	Europe	United Kingdom	09/06/2017	enteric						12/12/2017							Minnesota	Food	Food	ND/Others	373142		I (MLST)		98842
SAL_YA1936AA_AS	ST221944		Macau					SAL_NA4373AA	Macao		6		2017		Charlotte Chan	Asia	Macao	07/01/2018							12/07/2018								chicken wing	Food	Avian	845/SIS/2017-6T				134373
SAL_YA1943AA_AS	ST221942		Macau					SAL_NA4376AA	Macao		6		2017		Charlotte Chan	Asia	Macao	07/01/2018							12/07/2018								chicken wing	Food	Avian	891/SIS/2017-1T				134376
SAL_YA2007AA_AS	ST104485		Scotland					SAL_NA4420AA		7	12		2017		D. Brown (Scotland)	Europe	United Kingdom	08/01/2018							13/07/2018							Minnesota		Human	Human	35-26-8101365				134420
SAL_AB6724AA_AS	ST119913							SAL_PA5187AA					2016		FDA Center for Food Safety and Applied Nutrition	South America	Brazil	08/05/2018							07/05/2018	SAMN08951178	SRS3268614	SRP070120				Heidelberg	chicken carcass	Poultry	Poultry	NC_SMi124	PRJNA293224	I		155187
SAL_AB6719AA_AS	ST120075							SAL_PA5192AA					2016		FDA Center for Food Safety and Applied Nutrition	South America	Brazil	08/05/2018							07/05/2018	SAMN08951185	SRS3268604	SRP070120				Minnesota	Chiken feet	Food	Plant	NC_SMi160	PRJNA293224	I		155192
SAL_AB9236AA_AS	ST122030							SAL_PA7684AA					2016		FDA Center for Food Safety and Applied Nutrition	South America	Brazil	20/05/2018							19/05/2018	SAMN08951168	SRS3319324	SRP070120				Minnesota	slaughterhouse	Livestock	ND/Others	NC_SMi416	PRJNA293224	I		157684
SAL_AB9226AA_AS	ST122036							SAL_PA7694AA					2016		FDA Center for Food Safety and Applied Nutrition	South America	Brazil	20/05/2018							19/05/2018	SAMN08951101	SRS3319128	SRP070120				Schwarzengrund	chicken carcass	Poultry	Poultry	NC_SSc153	PRJNA293224	I		157694
SAL_NB2775AA_AS	ST186129		Macau					SAL_PA8824AA	Macao		6		2017		Charlotte Chan	Asia	Macao	27/05/2018							29/11/2018								chicken wing	Food	Avian	845/SIS/2017-10T				158824
SAL_BB0289AA_AS	ST221941		Macau					SAL_PA8825AA	Macao		6		2017		Charlotte Chan	Asia	Macao	27/05/2018							29/11/2018								chicken wing	Food	Avian	845/SIS/2017-7T				158825
SAL_BB3380AA_AS	ST125331							SAL_QA1782AA			8		2016		Public Health England	Europe	United Kingdom	10/06/2018							09/06/2018	SAMN09386487	SRS3399361	SRP042645				Minnesota	Homo sapiens; human	Human	Human	291767	PRJNA248792	I		161782
SAL_BB6677AA_AS	ST127810							SAL_QA5570AA			9		2013		Public Health England	Europe	United Kingdom	18/06/2018							17/06/2018	SAMN09433535	SRS3424047	SRP042645				Vaertan	Homo sapiens; human	Human	Human	348039	PRJNA248792	I		165570
SAL_CB0588AA_AS	ST131125							SAL_QA8694AA			6		2017		Public Health England	Europe	United Kingdom	27/06/2018							27/06/2018	SAMN09494433	SRS3469553	SRP042645				Minnesota	Homo sapiens; human	Human	Human	385876	PRJNA248792	I		168694
SAL_CB6404AA_AS	ST129736							SAL_RA4321AA			8		2017		Public Health England	Europe	United Kingdom	10/07/2018							10/07/2018	SAMN09634554	SRS3529410	SRP042645				Minnesota	food	Food	ND/Others	411506	PRJNA248792	I		174321
SAL_CB6297AA_AS	ST129789							SAL_RA4428AA			6		2017		Public Health England	Europe	United Kingdom	10/07/2018							10/07/2018	SAMN09634304	SRS3529118	SRP042645				Minnesota	food	Food	ND/Others	379346	PRJNA248792	I		174428
SAL_CB6237AA_AS	ST136123							SAL_RA4488AA			1		2018		Public Health England	Europe	United Kingdom	10/07/2018							10/07/2018	SAMN09634229	SRS3529040	SRP042645				Minnesota	food	Food	ND/Others	481509	PRJNA248792	I		174488
SAL_CB6171AA_AS	ST129795							SAL_RA4554AA			5		2017		Public Health England	Europe	United Kingdom	10/07/2018							10/07/2018	SAMN09634104	SRS3528868	SRP042645				Minnesota	food	Food	ND/Others	376320	PRJNA248792	I		174554
SAL_CB6161AA_AS	ST129702							SAL_RA4564AA			2		2018		Public Health England	Europe	United Kingdom	10/07/2018							10/07/2018	SAMN09634088	SRS3528845	SRP042645				Minnesota	food	Food	ND/Others	497314	PRJNA248792	I		174564
SAL_CB6490AA_AS	ST129716		England					SAL_RA4600AA	London	11	1		2018		Public Health England (M. Chattaway)	Europe	United Kingdom	12/07/2018							14/01/2019							Minnesota		Food	Unspecified Meat	474912		I		174600
SAL_CB6517AA_AS	ST129736		England					SAL_RA4627AA	London	7	8		2017		Public Health England (M. Chattaway)	Europe	United Kingdom	12/07/2018							14/01/2019							Minnesota		Food	Unspecified Meat	432261		I		174627
SAL_CB6531AA_AS	ST129746		England					SAL_RA4641AA	London	7	8		2017		Public Health England (M. Chattaway)	Europe	United Kingdom	12/07/2018							14/01/2019							Minnesota		Food	Unspecified Meat	408540		I		174641
SAL_CB6533AA_AS	ST129753		England					SAL_RA4643AA	London	7	8		2017		Public Health England (M. Chattaway)	Europe	United Kingdom	12/07/2018							14/01/2019							Minnesota		Food	Unspecified Meat	406645		I		174643
SAL_CB6558AA_AS	ST129787		England					SAL_RA4668AA	London	6	6		2017		Public Health England (M. Chattaway)	Europe	United Kingdom	12/07/2018							14/01/2019							Minnesota		Food	Unspecified Meat	379344		I		174668
SAL_CB6560AA_AS	ST129789		England					SAL_RA4670AA	London	6	6		2017		Public Health England (M. Chattaway)	Europe	United Kingdom	12/07/2018							14/01/2019							Minnesota		Food	Unspecified Meat	379347		I		174670
SAL_CB6570AA_AS	ST129696		England					SAL_RA4676AA	London	20	5		2017		Public Health England (M. Chattaway)	Europe	United Kingdom	12/07/2018							14/01/2019							Minnesota		Food	Unspecified Meat	376319		I		174676
SAL_CB7271AA_AS	ST136766							SAL_RA5540AA			5		2018		Public Health England	Europe	United Kingdom	12/07/2018							12/07/2018	SAMN09638104	SRS3533639	SRP042645				Minnesota	food	Food	ND/Others	542098	PRJNA248792	I		175540
SAL_CB8609AA_AS	ST129780							SAL_RA6474AA			6		2017		Public Health England	Europe	United Kingdom	13/07/2018							13/07/2018	SAMN09652076	SRS3543042	SRP042645				Minnesota	food	Food	ND/Others	379343	PRJNA248792	I		176474
SAL_CB8403AA_AS	ST137230							SAL_RA6668AA			5		2017		Public Health England	Europe	United Kingdom	13/07/2018							13/07/2018	SAMN09651615	SRS3542612	SRP042645				Minnesota	food	Food	ND/Others	373824	PRJNA248792	I		176668
SAL_CB9936AA_AS	ST138458							SAL_RA8089AA			8		2016		Public Health England	Europe	United Kingdom	18/07/2018							18/07/2018	SAMN09683621	SRS3555766	SRP042645				Minnesota	Homo sapiens; human	Human	Human	291781	PRJNA248792	I		178089
SAL_DB3093AA_AS	ST133047		Scotland					SAL_SA0876AA					2018		D. Brown (Scotland)	Europe	United Kingdom	10/08/2018							12/02/2019											SMG-18-1182				180876
SAL_EB1254AA_AS	ST221943		Macau					SAL_SA6532AA	Macao		5		2018		Charlotte Chan	Asia	Macao	18/09/2018							23/03/2019								chicken wing	Food	Avian	717/SIS/2018-10T				186532
SAL_EB5259AA_AS	ST129795							SAL_SA7856AA			5		2017		Public Health England	Europe	United Kingdom	24/09/2018							22/09/2018	SAMN10103470	SRS3811551	SRP042645				Minnesota	food	Food	ND/Others	376321	PRJNA248792	I		187856
SAL_EB8015AA_AS	ST146236							SAL_TA0351AA			6		2017		Public Health England	Europe	United Kingdom	04/10/2018							04/10/2018	SAMN10174102	SRS3875061	SRP042645				Minnesota	food	Food	ND/Others	379345	PRJNA248792	I		190351
SAL_GB1238AA_AS	ST153706							SAL_TA8438AA			10		2018		Public Health England	Europe	United Kingdom	20/11/2018							18/11/2018	SAMN10438014	SRS4053992	SRP042645				Minnesota	food	Food	ND/Others	636286	PRJNA248792	I		198438
SAL_HB5260AA_AS	ST162616							SAL_UA5314AA			11		2018		Public Health England	Europe	United Kingdom	17/12/2018							16/12/2018	SAMN10599984	SRS4149698	SRP042645				Minnesota	food	Food	ND/Others	651965	PRJNA248792	I		205314
SAL_IB7372AA_AS	ST166713							SAL_VA0910AA					2018		FDA Center for Food Safety and Applied Nutrition	South America	Brazil	31/01/2019							30/01/2019	SAMN10393187	SRS4309255	SRP028607				Minnesota	Culture (Gallus gallus)	Poultry	Poultry	ULBRA-SA286	PRJNA183850	I		210910
SAL_IB7371AA_AS	ST166716							SAL_VA0911AA					2018		FDA Center for Food Safety and Applied Nutrition	South America	Brazil	31/01/2019							30/01/2019	SAMN10393132	SRS4309254	SRP028607				Minnesota	Culture (Gallus gallus)	Poultry	Poultry	ULBRA-SA285	PRJNA183850	I		210911
SAL_JB0837AA_AS	ST169376							SAL_VA2836AA					2018		FDA Center for Food Safety and Applied Nutrition	South America	Brazil	08/02/2019							07/02/2019	SAMN10393188	SRS4337841	SRP028607				Minnesota	Culture (Gallus gallus)	Poultry	Poultry	ULBRA-SA287	PRJNA183850	I		212836
SAL_JB1151AA_AS	ST168178							SAL_VA3121AA			8		2017		Public Health England	Europe	United Kingdom	09/02/2019							08/02/2019	SAMN10887418	SRS4342073	SRP042645				Minnesota	food	Food	ND/Others	408539	PRJNA248792	I		213121
SAL_JB4494AA_AS	ST171229							SAL_VA4404AA			7		2017		Public Health England	Europe	United Kingdom	11/02/2019							10/02/2019	SAMN10907577	SRS4346948	SRP042645				Minnesota	Homo sapiens; human	Human	Human	389730	PRJNA248792	I		214404
SAL_KB0672AA_AS	ST172958							SAL_VA9014AA			10		2016		Public Health England	Europe	United Kingdom	04/03/2019							04/03/2019	SAMN11046485	SRS4432266	SRP042645				Minnesota	Homo sapiens; human	Human	Human	306473	PRJNA248792	I		219014
SAL_KB0670AA_AS	ST172957							SAL_VA9016AA			9		2016		Public Health England	Europe	United Kingdom	04/03/2019							04/03/2019	SAMN11046480	SRS4432264	SRP042645				Minnesota	Homo sapiens; human	Human	Human	299446	PRJNA248792	I		219016
SAL_KB3109AA_AS	ST173986							SAL_WA0567AA			11		2015		Public Health England	Europe	United Kingdom	11/03/2019							10/03/2019	SAMN11095694	SRS4469405	SRP042645				Minnesota	Homo sapiens; human	Human	Human	190767	PRJNA248792	I		220567
SAL_MB7175AA_AS	ST184825							SAL_XA3329AA			5		2019		Public Health England	Europe	United Kingdom	11/06/2019							11/06/2019	SAMN12008968	SRS4935312	SRP042645				Salmonella Minnesota	food	Food	ND/Others	752176	PRJNA248792	I		233329
SAL_MB7097AA_AS	ST184768							SAL_XA3396AA			5		2019		Public Health England	Europe	United Kingdom	11/06/2019							11/06/2019	SAMN12009352	SRS4935127	SRP042645				Heidelberg	food	Food	ND/Others	752174	PRJNA248792	I		233396
SAL_MB8460AA_AS	ST186337							SAL_XA4383AA			4		2019		Public Health England	Europe	United Kingdom	13/06/2019							13/06/2019	SAMN12041484	SRS4957968	SRP042645				Salmonella Minnesota	Homo sapiens; human	Human	Human	728774	PRJNA248792	I		234383
SAL_MB8385AA_AS	ST186281							SAL_XA4458AA			4		2019		Public Health England	Europe	United Kingdom	13/06/2019							13/06/2019	SAMN12040648	SRS4957893	SRP042645				Minnesota	food	Food	ND/Others	735026	PRJNA248792	I		234458
SAL_MB8257AA_AS	ST186018							SAL_XA4586AA			4		2019		Public Health England	Europe	United Kingdom	13/06/2019							13/06/2019	SAMN12039415	SRS4956724	SRP042645				Salmonella Minnesota	food	Food	ND/Others	735025	PRJNA248792	I		234586
SAL_MB8734AA_AS	ST186473							SAL_XA4869AA			4		2019		Public Health England	Europe	United Kingdom	14/06/2019							14/06/2019	SAMN12053334	SRS4969625	SRP042645				Salmonella Minnesota	food	Food	ND/Others	734506	PRJNA248792	I		234869
SAL_NB1155AA_AS	ST187687							SAL_XA6506AA			6		2019		Public Health England	Europe	United Kingdom	23/06/2019							22/06/2019	SAMN12108749	SRS5002313	SRP042645				Salmonella Minnesota	food	Food	ND/Others	761627	PRJNA248792	I		236506
SAL_OB3422AA_AS	ST195416							SAL_YA4445AA							PulseNet Next Generation Subtyping Methods Unit	North America	United States	25/07/2019							24/07/2019	SAMN12354379	SRS5147338	SRP040281								PNUSAS084560	PRJNA230403			244445
SAL_QB7644AA_AS	ST201276							SAL_ZA2457AA			8		2019		Public Health England	Europe	United Kingdom	13/09/2019							13/09/2019	SAMN12739208	SRS5380666	SRP042645				Salmonella Minnesota	food	Food	ND/Others	801140	PRJNA248792	I		252457
SAL_QB9152AA_AS	ST201358							SAL_ZA2561AA			8		2019		Public Health England	Europe	United Kingdom	15/09/2019							14/09/2019	SAMN12747751	SRS5387161	SRP042645				Salmonella Minnesota	food	Food	ND/Others	801145	PRJNA248792	I		252561
SAL_RB2768AA_AS	ST202088							SAL_ZA3206AA			9		2019		Public Health England	Europe	United Kingdom	20/09/2019							19/09/2019	SAMN12783728	SRS5405059	SRP042645				Salmonella Minnesota	food	Food	ND/Others	804490	PRJNA248792	I		253206
SAL_RB2767AA_AS	ST202087							SAL_ZA3207AA			9		2019		Public Health England	Europe	United Kingdom	20/09/2019							19/09/2019	SAMN12783730	SRS5405058	SRP042645				Salmonella Minnesota	food	Food	ND/Others	804489	PRJNA248792	I		253207
SAL_RB2753AA_AS	ST202087							SAL_ZA3221AA			9		2019		Public Health England	Europe	United Kingdom	20/09/2019							19/09/2019	SAMN12783721	SRS5405044	SRP042645				Salmonella Minnesota	food	Food	ND/Others	804491	PRJNA248792	I		253221
SAL_RB2643AA_AS	ST201973							SAL_ZA3320AA			9		2019		Public Health England	Europe	United Kingdom	20/09/2019							18/09/2019	SAMN12776336	SRS5399566	SRP042645				Salmonella Minnesota	food	Food	ND/Others	804492	PRJNA248792	I		253320
SAL_RB2612AA_AS	ST201989							SAL_ZA3351AA			9		2019		Public Health England	Europe	United Kingdom	20/09/2019							18/09/2019	SAMN12776416	SRS5399533	SRP042645				Salmonella Minnesota	food	Food	ND/Others	804488	PRJNA248792	I		253351
SAL_SB7194AA_AS	ST206201							SAL_ZA9963AA			9		2019		Public Health England	Europe	United Kingdom	18/10/2019							10/10/2019	SAMN13002607	SRS5497727	SRP042645				Salmonella Minnesota	Homo sapiens; human	Human	Human	815521	PRJNA248792	I		259963
SAL_VB0280AA_AS	ST214244							SAL_AB8827AA					2018		NATIONAL INSTITUTE OF HEALTH DR. RICARDO JORGE	Europe	Portugal	13/11/2019							09/11/2019	SAMEA6165570	ERS3965573	ERP115212				Minnesota	Food	Food	ND/Others	Se-S1109-18	PRJEB32515			268827
SAL_VB0276AA_AS	ST214246							SAL_AB8831AA					2018		NATIONAL INSTITUTE OF HEALTH DR. RICARDO JORGE	Europe	Portugal	13/11/2019							09/11/2019	SAMEA6165566	ERS3965569	ERP115212				Minnesota	Food	Food	ND/Others	Se-S1035-18	PRJEB32515			268831
SAL_VB0272AA_AS	ST214250							SAL_AB8835AA					2013		NATIONAL INSTITUTE OF HEALTH DR. RICARDO JORGE	Europe	Portugal	13/11/2019							09/11/2019	SAMEA6165562	ERS3965565	ERP115212				Minnesota	Food	Food	ND/Others	Se-71-13	PRJEB32515			268835
SAL_VB0270AA_AS	ST214268							SAL_AB8837AA					2013		NATIONAL INSTITUTE OF HEALTH DR. RICARDO JORGE	Europe	Portugal	13/11/2019							09/11/2019	SAMEA6165560	ERS3965563	ERP115212				Minnesota	Food	Food	ND/Others	Se-69-13	PRJEB32515			268837
SAL_VB0268AA_AS	ST214272							SAL_AB8839AA					2014		NATIONAL INSTITUTE OF HEALTH DR. RICARDO JORGE	Europe	Portugal	13/11/2019							09/11/2019	SAMEA6165558	ERS3965561	ERP115212				Minnesota	Food	Food	ND/Others	Se-58-14	PRJEB32515			268839
SAL_VB0264AA_AS	ST214254							SAL_AB8843AA					2012		NATIONAL INSTITUTE OF HEALTH DR. RICARDO JORGE	Europe	Portugal	13/11/2019							09/11/2019	SAMEA6165554	ERS3965557	ERP115212				Minnesota	Food	Food	ND/Others	Se-345-12	PRJEB32515			268843
SAL_WB3269AA_AS	ST218024							SAL_BB3789AA			11		2019		Public Health England	Europe	United Kingdom	10/12/2019							07/12/2019	SAMN13502518	SRS5773896	SRP042645				Minnesota	Homo sapiens; human	Human	Human	850126	PRJNA248792	I		273789
SAL_XB8439AA_AS	ST214262							SAL_BB8770AA					2012		"National Institute of Health, Portugal"	Europe	Portugal	13/01/2020							13/01/2020							Minnesota		Poultry	Poultry	PT_SE0067				278770
SAL_XB8460AA_AS	ST214248							SAL_BB8778AA					2013		"National Institute of Health, Portugal"	Europe	Portugal	13/01/2020							13/01/2020							Minnesota		Poultry	Poultry	PT_SE0076				278778
SAL_XB8469AA_AS	ST214239							SAL_BB8787AA					2019		"National Institute of Health, Portugal"	Europe	Portugal	13/01/2020							13/01/2020							Minnesota		Poultry	Poultry	PT_SE0085				278787
SAL_XB8470AA_AS	ST214472							SAL_BB8788AA					2019		"National Institute of Health, Portugal"	Europe	Portugal	13/01/2020							13/01/2020							Minnesota		Poultry	Poultry	PT_SE0087				278788
SAL_XB8471AA_AS	ST221351							SAL_BB8789AA					2019		"National Institute of Health, Portugal"	Europe	Portugal	13/01/2020							13/01/2020							Minnesota		Poultry	Poultry	PT_SE0086				278789
SAL_XB8478AA_AS	ST221352							SAL_BB8796AA					2018		"National Institute of Health, Portugal"	Europe	Portugal	13/01/2020							13/01/2020							Minnesota		Poultry	Poultry	PT_SE0095				278796
SAL_AC6335AA_AS	ST223702							SAL_CB1600AA			1		2020		Public Health England	Europe	United Kingdom	14/02/2020							27/01/2020	SAMN13925123	SRS6064675	SRP042645				Minnesota	Homo sapiens; human	Human	Human	876209	PRJNA248792	I		281600
SAL_AC6175AA_AS	ST223702							SAL_CB1759AA			1		2020		Public Health England	Europe	United Kingdom	14/02/2020							22/01/2020	SAMN13898211	SRS6048822	SRP042645				Minnesota	Homo sapiens; human	Human	Human	874864	PRJNA248792	I		281759
SAL_BC5933AA_AS	ST225864							SAL_CB3740AA					2018		FDA Center for Food Safety and Applied Nutrition	South America	Chile	25/02/2020							23/02/2020	SAMN14167312	SRS6201052	SRP070772				Thompson	chicken meat	Food	Avian	Burnett-PUCV3	PRJNA298359	I		283740
SAL_BC7102AA_AS	ST226086							SAL_CB3921AA					2018		FDA Center for Food Safety and Applied Nutrition	South America	Chile	26/02/2020							25/02/2020	SAMN14207029	SRS6215572	SRP070772				Minnesota	chicken meat	Food	Avian	Burnett-PUCV14	PRJNA298359	I		283921
SAL_BC7425AA_AS	ST226148							SAL_CB3976AA			2		2020		Public Health England	Europe	United Kingdom	26/02/2020							26/02/2020	SAMN14207196	SRS6215818	SRP042645				Minnesota	food	Food	ND/Others	892728	PRJNA248792	I		283976
SAL_DC1812AA_AS	ST227878							SAL_CB6062AA					2018		FDA Center for Food Safety and Applied Nutrition	South America	Chile	13/03/2020							12/03/2020	SAMN14371050	SRS6313662	SRP070772				Minnesota	chicken meat	Food	Avian	Burnett-PUCV26	PRJNA298359	I		286062
SAL_DC1800AA_AS	ST227877							SAL_CB6074AA					2018		FDA Center for Food Safety and Applied Nutrition	South America	Chile	13/03/2020							12/03/2020	SAMN14370903	SRS6313479	SRP070772				Minnesota	chicken meat	Food	Avian	Burnett-PUCV25	PRJNA298359	I		286074
SAL_FC4994AA_AS	ST230151							SAL_CB8946AA			3		2020		Public Health England	Europe	United Kingdom	08/04/2020							04/04/2020	SAMN14535136	SRS6424903	SRP042645				Minnesota	Homo sapiens; human	Human	Human	916933	PRJNA248792	I		288946
SAL_HC8027AA_AS	ST233600							SAL_DB3448AA			5		2020		Public Health England	Europe	United Kingdom	02/06/2020							02/06/2020	SAMN15077413	SRS6752368	SRP042645				Minnesota	food	Food	ND/Others	949167	PRJNA248792	I		293448
SAL_HC8018AA_AS	ST233609							SAL_DB3457AA			5		2020		Public Health England	Europe	United Kingdom	02/06/2020							02/06/2020	SAMN15077345	SRS6752349	SRP042645				Minnesota	food	Food	ND/Others	949186	PRJNA248792	I		293457
SAL_IC8586AA_AS	ST238584							SAL_DB8136AA							Central Research Institute of Epidemiology	Europe	Russia	29/07/2020			60	100			29/07/2020	SAMN15666303	SRS7105759	SRP156767								SLR1_7697	PRJNA484865			298136
SAL_JC7960AA_AS	ST241707							SAL_EB2763AA					2018		Brasilia University		Brazil	08/09/2020			-15.806468	-47.882283			08/09/2020	SAMN14560251	SRS7007659	SRP281193					environmental	Environment	ND/Others	SAL5	PRJNA623901			302763
SAL_KC3295AA_AS	ST243258							SAL_EB4569AA			9		2020		Public Health England	Europe	United Kingdom	23/09/2020							23/09/2020	SAMN16241161	SRS7411949	SRP042645				Minnesota	food	Food	ND/Others	988798	PRJNA248792	I		304569
SAL_KC3293AA_AS	ST243263							SAL_EB4571AA			9		2020		Public Health England	Europe	United Kingdom	23/09/2020							23/09/2020	SAMN16241175	SRS7411947	SRP042645				Minnesota	food	Food	ND/Others	988827	PRJNA248792	I		304571
SAL_KC3965AA_AS	ST243619							SAL_EB4838AA			9		2020		Public Health England	Europe	United Kingdom	24/09/2020							24/09/2020	SAMN16249140	SRS7415985	SRP042645				Minnesota	food	Food	ND/Others	988816	PRJNA248792	I		304838
SAL_KC6604AA_AS	ST245005							SAL_EB6017AA			9		2020		Public Health England	Europe	United Kingdom	02/10/2020							02/10/2020	SAMN16337412	SRS7466488	SRP042645				Minnesota	food	Food	ND/Others	993711	PRJNA248792	I		306017
SAL_KC6815AA_AS	ST245202							SAL_EB6134AA			9		2020		Public Health England	Europe	United Kingdom	04/10/2020							04/10/2020	SAMN16360763	SRS7472181	SRP042645				Minnesota	food	Food	ND/Others	995851	PRJNA248792	I		306134
SAL_KC6802AA_AS	ST245208							SAL_EB6147AA			9		2020		Public Health England	Europe	United Kingdom	04/10/2020							04/10/2020	SAMN16360729	SRS7472168	SRP042645				Minnesota	food	Food	ND/Others	995811	PRJNA248792	I		306147
SAL_KC9792AA_AS	ST246438							SAL_EB8234AA			10		2020		Public Health England	Europe	United Kingdom	21/10/2020							19/10/2020	SAMN16452352	SRS7536557	SRP042645				Minnesota	food	Food	ND/Others	1003382	PRJNA248792	I		308234
SAL_KC9786AA_AS	ST246437							SAL_EB8240AA			10		2020		Public Health England	Europe	United Kingdom	21/10/2020							19/10/2020	SAMN16452365	SRS7536533	SRP042645				Minnesota	food	Food	ND/Others	1003435	PRJNA248792	I		308240
SAL_MC1004AA_AS	ST250222							SAL_FB3026AA			11		2020		Public Health England	Europe	United Kingdom	04/12/2020							04/12/2020	SAMN16989627	SRS7829434	SRP042645				Minnesota	food	Food	ND/Others	1038227	PRJNA248792	I		313026
SAL_MC1002AA_AS	ST250177							SAL_FB3028AA			11		2020		Public Health England	Europe	United Kingdom	04/12/2020							04/12/2020	SAMN16989637	SRS7829432	SRP042645				Minnesota	food	Food	ND/Others	1038210	PRJNA248792	I		313028
SAL_MC0996AA_AS	ST250177							SAL_FB3034AA			11		2020		Public Health England	Europe	United Kingdom	04/12/2020							04/12/2020	SAMN16989622	SRS7829378	SRP042645				Minnesota	food	Food	ND/Others	1038204	PRJNA248792	I		313034
SAL_MC0995AA_AS	ST250182							SAL_FB3035AA			11		2020		Public Health England	Europe	United Kingdom	04/12/2020							04/12/2020	SAMN16989643	SRS7829377	SRP042645				Minnesota	food	Food	ND/Others	1038226	PRJNA248792	I		313035
SAL_MC0994AA_AS	ST250181							SAL_FB3036AA			11		2020		Public Health England	Europe	United Kingdom	04/12/2020							04/12/2020	SAMN16989638	SRS7829376	SRP042645				Minnesota	food	Food	ND/Others	1038202	PRJNA248792	I		313036
SAL_MC0993AA_AS	ST250223							SAL_FB3037AA			11		2020		Public Health England	Europe	United Kingdom	04/12/2020							04/12/2020	SAMN16989636	SRS7829375	SRP042645				Minnesota	food	Food	ND/Others	1038260	PRJNA248792	I		313037
SAL_MC0989AA_AS	ST250182							SAL_FB3041AA			11		2020		Public Health England	Europe	United Kingdom	04/12/2020							04/12/2020	SAMN16989620	SRS7829371	SRP042645				Minnesota	food	Food	ND/Others	1038189	PRJNA248792	I		313041
SAL_MC0988AA_AS	ST250222							SAL_FB3042AA			11		2020		Public Health England	Europe	United Kingdom	04/12/2020							04/12/2020	SAMN16989634	SRS7829370	SRP042645				Minnesota	food	Food	ND/Others	1038248	PRJNA248792	I		313042
SAL_MC3982AA_AS	ST251748							SAL_FB4735AA			12		2020		Public Health England	Europe	United Kingdom	19/12/2020							18/12/2020	SAMN17071978	SRS7877712	SRP042645				Minnesota	food	Food	ND/Others	1045008	PRJNA248792	I		314735
SAL_MC5671AA_AS	ST253006							SAL_FB6040AA			12		2020		Public Health England	Europe	United Kingdom	03/01/2021							29/12/2020	SAMN17159363	SRS7927468	SRP042645				Minnesota	food	Food	ND/Others	1056425	PRJNA248792	I		316040
SAL_MC5667AA_AS	ST253010							SAL_FB6044AA			12		2020		Public Health England	Europe	United Kingdom	03/01/2021							29/12/2020	SAMN17159369	SRS7927465	SRP042645				Minnesota	food	Food	ND/Others	1056411	PRJNA248792	I		316044
SAL_MC5659AA_AS	ST253016							SAL_FB6052AA			12		2020		Public Health England	Europe	United Kingdom	03/01/2021							29/12/2020	SAMN17159368	SRS7927456	SRP042645				Minnesota	food	Food	ND/Others	1056383	PRJNA248792	I		316052
SAL_NC5451AA_AS	ST260643							SAL_FB8532AA			1		2021		Public Health England	Europe	United Kingdom	24/01/2021							23/01/2021	SAMN17498430	SRS8098633	SRP042645				Minnesota	food	Food	ND/Others	1071222	PRJNA248792	I		318532
SAL_NC9139AA_AS	ST263030							SAL_GB6587AA			3		2021		Public Health England	Europe	United Kingdom	12/03/2021							11/03/2021	SAMN18232349	SRS8419601	SRP042645				Minnesota	Homo sapiens; human	Human	Human	1125513	PRJNA248792	I		326587
SAL_OC2082AA_AS	ST265004							SAL_GB9419AA			3		2021		Public Health England	Europe	United Kingdom	23/03/2021							20/03/2021	SAMN18382229	SRS8504570	SRP042645				Minnesota	Homo sapiens; human	Human	Human	1135893	PRJNA248792	I		329419
SAL_PC4437AA_AS	ST271495							SAL_HB8802AA			5		2021		Public Health England	Europe	United Kingdom	16/05/2021							16/05/2021	SAMN19222322	SRS8990332	SRP042645				Minnesota	food	Food	ND/Others	1173620	PRJNA248792	I		338802
SAL_PC4430AA_AS	ST271499							SAL_HB8809AA			5		2021		Public Health England	Europe	United Kingdom	16/05/2021							16/05/2021	SAMN19222325	SRS8990273	SRP042645				Minnesota	food	Food	ND/Others	1173595	PRJNA248792	I		338809
SAL_PC4429AA_AS	ST271495							SAL_HB8810AA			5		2021		Public Health England	Europe	United Kingdom	16/05/2021							16/05/2021	SAMN19222321	SRS8990272	SRP042645				Minnesota	food	Food	ND/Others	1173616	PRJNA248792	I		338810
SAL_PC4427AA_AS	ST271495							SAL_HB8812AA			5		2021		Public Health England	Europe	United Kingdom	16/05/2021							16/05/2021	SAMN19222328	SRS8990270	SRP042645				Minnesota	food	Food	ND/Others	1173577	PRJNA248792	I		338812
SAL_PC4424AA_AS	ST271495							SAL_HB8815AA			5		2021		Public Health England	Europe	United Kingdom	16/05/2021							16/05/2021	SAMN19222327	SRS8990265	SRP042645				Minnesota	food	Food	ND/Others	1173568	PRJNA248792	I		338815
SAL_PC4779AA_AS	ST271495							SAL_HB8866AA			5		2021		Public Health England	Europe	United Kingdom	17/05/2021							17/05/2021	SAMN19228173	SRS8995482	SRP042645				Minnesota	food	Food	ND/Others	1176749	PRJNA248792	I		338866
SAL_PC4776AA_AS	ST271495							SAL_HB8869AA			5		2021		Public Health England	Europe	United Kingdom	17/05/2021							17/05/2021	SAMN19228160	SRS8995386	SRP042645				Minnesota	food	Food	ND/Others	1176743	PRJNA248792	I		338869
SAL_PC4771AA_AS	ST271495							SAL_HB8874AA			5		2021		Public Health England	Europe	United Kingdom	17/05/2021							17/05/2021	SAMN19228168	SRS8995340	SRP042645				Minnesota	food	Food	ND/Others	1176754	PRJNA248792	I		338874
SAL_PC4767AA_AS	ST271495							SAL_HB8878AA			5		2021		Public Health England	Europe	United Kingdom	17/05/2021							17/05/2021	SAMN19228159	SRS8995326	SRP042645				Minnesota	food	Food	ND/Others	1176705	PRJNA248792	I		338878
SAL_PC4765AA_AS	ST271631							SAL_HB8880AA			5		2021		Public Health England	Europe	United Kingdom	17/05/2021							17/05/2021	SAMN19228167	SRS8995322	SRP042645				Minnesota	food	Food	ND/Others	1176753	PRJNA248792	I		338880
SAL_PC6387AA_AS	ST272339							SAL_IB0091AA			5		2021		Public Health England	Europe	United Kingdom	26/05/2021							26/05/2021	SAMN19336470	SRS9065483	SRP042645				Minnesota	food	Food	ND/Others	1180019	PRJNA248792	I		340091
SAL_PC8219AA_AS	ST273385							SAL_IB1510AA					2019		ROBERT KOCH INSTITUTE	Europe	Germany	04/06/2021							04/06/2021	SAMEA7540887	ERS5297341	ERP124901				Minnesota	Homo sapiens; stool	Human	Human	19-00825	PRJEB41165	I		341510
SAL_PC8132AA_AS	ST273300							SAL_IB1598AA					2017		ROBERT KOCH INSTITUTE	Europe	Germany	04/06/2021							04/06/2021	SAMEA7540803	ERS5297257	ERP124901				Minnesota	Homo sapiens; stool	Human	Human	17-01659	PRJEB41165	I		341598
SAL_PC8125AA_AS	ST273307							SAL_IB1605AA					2017		ROBERT KOCH INSTITUTE	Europe	Germany	04/06/2021							04/06/2021	SAMEA7540796	ERS5297250	ERP124901				Minnesota	Homo sapiens; stool	Human	Human	17-00273	PRJEB41165	I		341605
SAL_QC3989AA_AS	ST276606							SAL_IB5618AA			6		2021		Public Health England	Europe	United Kingdom	05/07/2021							04/07/2021	SAMN20054879	SRS9392563	SRP042645				Minnesota	Homo sapiens; human	Human	Human	1242881	PRJNA248792	I		345618
SAL_QC4560AA_AS	ST276934							SAL_IB6124AA			6		2021		Public Health England	Europe	United Kingdom	07/07/2021							07/07/2021	SAMN20085648	SRS9411306	SRP042645				Minnesota	food	Food	ND/Others	1244011	PRJNA248792	I		346124
SAL_QC4511AA_AS	ST276985							SAL_IB6173AA			6		2021		Public Health England	Europe	United Kingdom	07/07/2021							07/07/2021	SAMN20085574	SRS9411246	SRP042645				Minnesota	food	Food	ND/Others	1244035	PRJNA248792	I		346173
SAL_QC4483AA_AS	ST276985							SAL_IB6201AA			6		2021		Public Health England	Europe	United Kingdom	07/07/2021							07/07/2021	SAMN20085533	SRS9411191	SRP042645				Minnesota	food	Food	ND/Others	1244040	PRJNA248792	I		346201
SAL_QC7149AA_AS	ST278207							SAL_IB7626AA			6		2021		Public Health England	Europe	United Kingdom	18/07/2021							18/07/2021	SAMN20293031	SRS9528961	SRP042645				Minnesota	Homo sapiens; human	Human	Human	1264083	PRJNA248792	I		347626
SAL_RC0234AA_AS	ST280285							SAL_JB0195AA			7		2021		Public Health England	Europe	United Kingdom	09/08/2021							01/08/2021	SAMN20491256	SRS9640871	SRP042645				Minnesota	Homo sapiens; human	Human	Human	1264156	PRJNA248792	I		350195
SAL_RC2028AA_AS	ST280872		Scotland					SAL_JB0864AA							D. Brown (Scotland)	Europe	United Kingdom	16/08/2021							16/08/2021											SMG-21-1461				350864
SAL_RC6622AA_AS	ST284039							SAL_JB4456AA			9		2021		Public Health England	Europe	United Kingdom	17/09/2021							17/09/2021	SAMN21463409	SRS10190218	SRP042645				Minnesota	food	Food	ND/Others	1432823	PRJNA248792	I		354456
SAL_RC6546AA_AS	ST284094							SAL_JB4532AA			9		2021		Public Health England	Europe	United Kingdom	17/09/2021							17/09/2021	SAMN21463323	SRS10190027	SRP042645				Minnesota	food	Food	ND/Others	1432836	PRJNA248792	I		354532
SAL_SC4892AA_AS	ST284238							SAL_JB4772AA					2020		SFDA	Asia	Saudi Arabia	20/09/2021	foodborne						20/09/2021							Minnesota 	Entaje	Poultry	Poultry	S-15475				354772
SAL_SC4896AA_AS	ST284246							SAL_JB4776AA					2020		SFDA	Asia	Saudi Arabia	20/09/2021	foodborne 						20/09/2021							Minnesota 	Fageh	Poultry	Poultry	S-15494				354776
SAL_SC4897AA_AS	ST284247							SAL_JB4777AA					2020		SFDA	Asia	Saudi Arabia	20/09/2021	foodborne 						20/09/2021							Minnesota 	Watania	Poultry	Poultry	S-15504				354777
SAL_SC4899AA_AS	ST284256							SAL_JB4782AA					2020		SFDA	Asia	Saudi Arabia	20/09/2021	foodborne 						20/09/2021							Minnesota	Watania	Poultry	Poultry	S-18578a				354782
SAL_RC7649AA_AS	ST284256							SAL_JB5505AA			7		2020		King Abdullah International Medical Research Center (KAIMRC)		Saudi Arabia	26/09/2021			24.774265	46.738586			25/09/2021	SAMN20518183	SRS10327724	SRP338651				Minnesota	food	Food	ND/Others	SA18578	PRJNA751432	I		355505
SAL_SC4904AA_AS	ST285081							SAL_JB5750AA					2020		SFDA	Asia	Saudi Arabia	28/09/2021	foodborne						28/09/2021							Minnesota 	Fageh	Poultry	Poultry	S-15477				355750
SAL_SC4905AA_AS	ST285082							SAL_JB5751AA					2020		SFDA	Asia	Saudi Arabia	28/09/2021	foodborne						28/09/2021							Minnesota 	Entaje	Poultry	Poultry	S-15476				355751
SAL_SC4906AA_AS	ST285083							SAL_JB5752AA					2020		SFDA	Asia	Saudi Arabia	28/09/2021	foodborne						28/09/2021							Minnesota 	Watania	Poultry	Poultry	S-15506				355752
SAL_SC4907AA_AS	ST285081							SAL_JB5753AA					2020		SFDA	Asia	Saudi Arabia	28/09/2021	foodborne						28/09/2021							Minnesota 	Entaje	Poultry	Poultry	S-15478				355753
SAL_SC4908AA_AS	ST285084							SAL_JB5754AA					2020		SFDA	Asia	Saudi Arabia	28/09/2021	foodborne						28/09/2021							Minnesota 	Watania	Poultry	Poultry	S-15508				355754
SAL_SC4917AA_AS	ST285102							SAL_JB5763AA					2020		SFDA	Asia	Saudi Arabia	28/09/2021	foodborne						28/09/2021							Minnesota 	Alyoum	Poultry	Poultry	S-17182				355763
SAL_SC4918AA_AS	ST285095							SAL_JB5764AA					2020		SFDA	Asia	Saudi Arabia	28/09/2021	foodborne						28/09/2021							Minnesota	Alyoum	Poultry	Poultry	S-17184				355764
SAL_SC4919AA_AS	ST290617							SAL_JB5765AA					2020		SFDA	Asia	Saudi Arabia	28/09/2021	foodborne						28/09/2021							Minnesota 	Alyoum	Poultry	Poultry	S-17185				355765
SAL_SC4920AA_AS	ST285092							SAL_JB5766AA					2020		SFDA	Asia	Saudi Arabia	28/09/2021	foodborne						28/09/2021							Minnesota 	Alyoum	Poultry	Poultry	S-17186				355766
SAL_SC4924AA_AS	ST285100							SAL_JB5770AA					2020		SFDA	Asia	Saudi Arabia	28/09/2021	foodborne						28/09/2021							Minnesota 	Watania	Poultry	Poultry	S-W2				355770
SAL_SC4926AA_AS	ST285098							SAL_JB5773AA					2020		SFDA	Asia	Saudi Arabia	28/09/2021	foodborne						28/09/2021							Minnesota 	Watania	Poultry	Poultry	S-W3				355773
SAL_SC4927AA_AS	ST285107							SAL_JB5774AA					2020		SFDA	Asia	Saudi Arabia	28/09/2021	foodborne						28/09/2021							Minnesota 	Watania	Poultry	Poultry	S-15507				355774
SAL_RC8043AA_AS	ST285288							SAL_JB5959AA					2018		Institute Adolfo Lutz	South America	Brazil	30/09/2021							30/09/2021							Minnesota		Food	Food	180.18				355959
SAL_RC8091AA_AS	ST285348							SAL_JB6063AA			9		2021		Public Health England	Europe	United Kingdom	01/10/2021							29/09/2021	SAMN21857095	SRS10346879	SRP042645				Minnesota	food	Food	ND/Others	1469825	PRJNA248792	I		356063
SAL_RC8087AA_AS	ST285346							SAL_JB6067AA			9		2021		Public Health England	Europe	United Kingdom	01/10/2021							29/09/2021	SAMN21857075	SRS10346866	SRP042645				Minnesota	food	Food	ND/Others	1469853	PRJNA248792	I		356067
SAL_RC8080AA_AS	ST285356							SAL_JB6074AA			9		2021		Public Health England	Europe	United Kingdom	01/10/2021							29/09/2021	SAMN21857078	SRS10346853	SRP042645				Minnesota	food	Food	ND/Others	1469863	PRJNA248792	I		356074
SAL_RC8078AA_AS	ST285348							SAL_JB6076AA			9		2021		Public Health England	Europe	United Kingdom	01/10/2021							29/09/2021	SAMN21857054	SRS10346850	SRP042645				Minnesota	food	Food	ND/Others	1469854	PRJNA248792	I		356076
SAL_RC8076AA_AS	ST285360							SAL_JB6078AA			9		2021		Public Health England	Europe	United Kingdom	01/10/2021							29/09/2021	SAMN21857050	SRS10346845	SRP042645				Minnesota	food	Food	ND/Others	1469860	PRJNA248792	I		356078
SAL_RC8074AA_AS	ST285361							SAL_JB6080AA			9		2021		Public Health England	Europe	United Kingdom	01/10/2021							29/09/2021	SAMN21857048	SRS10346842	SRP042645				Minnesota	food	Food	ND/Others	1469848	PRJNA248792	I		356080
SAL_RC8073AA_AS	ST285356							SAL_JB6081AA			9		2021		Public Health England	Europe	United Kingdom	01/10/2021							29/09/2021	SAMN21857009	SRS10346807	SRP042645				Minnesota	food	Food	ND/Others	1469834	PRJNA248792	I		356081
SAL_RC8966AA_AS	ST285854							SAL_JB7126AA			7		2021		Public Health England	Europe	United Kingdom	01/10/2021							10/08/2021	SAMN20679892	SRS9717580	SRP042645				Minnesota	Homo sapiens; human	Human	Human	1306226	PRJNA248792	I		357126
SAL_RC8774AA_AS	ST285956							SAL_JB7318AA			5		2017		Public Health England	Europe	United Kingdom	01/10/2021							09/08/2021	SAMN20666116	SRS9704244	SRP042645				Minnesota	food	Food	ND/Others	373142	PRJNA248792	I		357318
SAL_RC8763AA_AS	ST172957							SAL_JB7329AA			9		2016		Public Health England	Europe	United Kingdom	01/10/2021							09/08/2021	SAMN20665981	SRS9704227	SRP042645				Minnesota	Homo sapiens; human	Human	Human	300821	PRJNA248792	I		357329
SAL_RC8713AA_AS	ST280285							SAL_JB7379AA			7		2021		Public Health England	Europe	United Kingdom	01/10/2021							12/08/2021	SAMN20506991	SRS9649395	SRP042645				Minnesota	Homo sapiens; human	Human	Human	1280291	PRJNA248792	I		357379
SAL_SC0688AA_AS	ST287453							SAL_JB8552AA			9		2021		Public Health England	Europe	United Kingdom	05/10/2021							05/10/2021	SAMN22045193	SRS10443445	SRP042645				Minnesota	food	Food	ND/Others	1488355	PRJNA248792	I		358552
SAL_SC1113AA_AS	ST287649							SAL_JB8553AA			9		2021		Public Health England	Europe	United Kingdom	05/10/2021							05/10/2021	SAMN22045386	SRS10443444	SRP042645				Minnesota	food	Food	ND/Others	1488357	PRJNA248792	I		358553
SAL_SC0649AA_AS	ST287473							SAL_JB8591AA			9		2021		Public Health England	Europe	United Kingdom	05/10/2021							05/10/2021	SAMN22045129	SRS10443392	SRP042645				Minnesota	food	Food	ND/Others	1480904	PRJNA248792	I		358591
SAL_SC3855AA_AS	ST289814							SAL_KB1293AA			10		2021		Public Health England	Europe	United Kingdom	26/10/2021							26/10/2021	SAMN22562423	SRS10716883	SRP042645				Minnesota	food	Food	ND/Others	1507328	PRJNA248792	I		361293
SAL_SC3841AA_AS	ST289826							SAL_KB1307AA			10		2021		Public Health England	Europe	United Kingdom	26/10/2021							26/10/2021	SAMN22562413	SRS10716866	SRP042645				Minnesota	food	Food	ND/Others	1507318	PRJNA248792	I		361307
SAL_SC5929AA_AS	ST291514							SAL_KB3273AA			9		2021		Public Health England	Europe	United Kingdom	11/11/2021							11/11/2021	SAMN23038608	SRS11039613	SRP042645				Minnesota	food	Food	ND/Others	1497656	PRJNA248792	I		363273
SAL_SC8529AA_AS	ST293600							SAL_KB4964AA			11		2021		Public Health England	Europe	United Kingdom	01/12/2021							24/11/2021	SAMN23413074	SRS11137090	SRP042645				Minnesota	food	Food	ND/Others	1533122	PRJNA248792	I		364964
SAL_SC8333AA_AS	ST293294							SAL_KB5160AA			11		2021		Public Health England	Europe	United Kingdom	01/12/2021							22/11/2021	SAMN23374562	SRS11112903	SRP042645				Minnesota	food	Food	ND/Others	1530946	PRJNA248792	I		365160
SAL_SC8264AA_AS	ST293377							SAL_KB5229AA			11		2021		Public Health England	Europe	United Kingdom	01/12/2021							20/11/2021	SAMN23310518	SRS11108764	SRP042645				Minnesota	food	Food	ND/Others	1530983	PRJNA248792	I		365229
SAL_SC8188AA_AS	ST284039							SAL_KB5305AA			9		2021		Public Health England	Europe	United Kingdom	01/12/2021							20/11/2021	SAMN23310562	SRS11108679	SRP042645				Minnesota	food	Food	ND/Others	1481329	PRJNA248792	I		365305
SAL_SC8172AA_AS	ST293126							SAL_KB5321AA			11		2021		Public Health England	Europe	United Kingdom	01/12/2021							20/11/2021	SAMN23310624	SRS11108663	SRP042645				Minnesota	food	Food	ND/Others	1531005	PRJNA248792	I		365321
SAL_SC7813AA_AS	ST292952							SAL_KB5629AA			9		2021		Public Health England	Europe	United Kingdom	01/12/2021							02/10/2021	SAMN21902030	SRS10373599	SRP042645				Minnesota	food	Food	ND/Others	1469877	PRJNA248792	I		365629
SAL_TC2931AA_AS	ST296833							SAL_KB9073AA					2019		University of Copenhagen	South America	Brazil	23/01/2022			-23.5558	-46.6396			15/01/2022	SAMN25026359	SRS11681715	SRP311310					Gallus gallus domesticus	Poultry	Poultry	10	PRJNA715669			369073
SAL_TC2932AA_AS	ST296822							SAL_KB9074AA					2019		University of Copenhagen	South America	Brazil	23/01/2022			-23.5558	-46.6396			15/01/2022	SAMN25026358	SRS11681714	SRP311310					Gallus gallus domesticus	Poultry	Poultry	9	PRJNA715669			369074
SAL_TC2933AA_AS	ST296828							SAL_KB9075AA					2019		University of Copenhagen	South America	Brazil	23/01/2022			-23.5558	-46.6396			15/01/2022	SAMN25026357	SRS11681713	SRP311310					Gallus gallus domesticus	Poultry	Poultry	8	PRJNA715669			369075
SAL_TC2935AA_AS	ST296821							SAL_KB9076AA					2019		University of Copenhagen	South America	Brazil	23/01/2022			-23.5558	-46.6396			15/01/2022	SAMN25026355	SRS11681712	SRP311310					Gallus gallus domesticus	Poultry	Poultry	6	PRJNA715669			369076
SAL_TC4180AA_AS	ST298234							SAL_LB0387AA							PTE Medical Microbiology		United Arab Emirates	12/02/2022							11/02/2022	SAMEA11421037	ERS9066392	ERP133634								FD7-2	PRJEB49171			370387
SAL_TC4637AA_AS	ST161230							SAL_LB0850AA							Quadram Institute Bioscience	South America	Brazil	14/02/2022							11/02/2022	SAMEA12320533	ERS9927362	ERP130357					Gallus gallus; chicken	Poultry	Poultry	BRCH23-C2D11	PRJEB46151			370850
SAL_TC4661AA_AS	ST161246							SAL_LB0874AA							Quadram Institute Bioscience	South America	Brazil	14/02/2022							11/02/2022	SAMEA12320508	ERS9927337	ERP130357					Gallus gallus; chicken	Poultry	Poultry	BRCH23-C2E11	PRJEB46151			370874
SAL_TC4664AA_AS	ST161351							SAL_LB0877AA							Quadram Institute Bioscience	South America	Brazil	14/02/2022							11/02/2022	SAMEA12320505	ERS9927334	ERP130357					Gallus gallus; chicken	Poultry	Poultry	BRCH23-C2A10	PRJEB46151			370877
SAL_TC4669AA_AS	ST298411							SAL_LB0882AA							Quadram Institute Bioscience	South America	Brazil	14/02/2022							11/02/2022	SAMEA12320500	ERS9927329	ERP130357					Gallus gallus; chicken	Poultry	Poultry	BRCH23-C1C01	PRJEB46151			370882
SAL_TC4670AA_AS	ST298429							SAL_LB0883AA							Quadram Institute Bioscience	South America	Brazil	14/02/2022							11/02/2022	SAMEA12320499	ERS9927328	ERP130357					Gallus gallus; chicken	Poultry	Poultry	BRCH23-C2B07	PRJEB46151			370883
SAL_TC4673AA_AS	ST161383							SAL_LB0886AA							Quadram Institute Bioscience	South America	Brazil	14/02/2022							11/02/2022	SAMEA12320496	ERS9927325	ERP130357					Gallus gallus; chicken	Poultry	Poultry	BRCH23-C1F12	PRJEB46151			370886
SAL_TC4674AA_AS	ST161290							SAL_LB0887AA							Quadram Institute Bioscience	South America	Brazil	14/02/2022							11/02/2022	SAMEA12320495	ERS9927324	ERP130357					Gallus gallus; chicken	Poultry	Poultry	BRCH24-MF06	PRJEB46151			370887
SAL_TC4681AA_AS	ST161318							SAL_LB0894AA							Quadram Institute Bioscience	South America	Brazil	14/02/2022							11/02/2022	SAMEA12320488	ERS9927317	ERP130357					Gallus gallus; chicken	Poultry	Poultry	BRCH24-EH04	PRJEB46151			370894
SAL_TC4685AA_AS	ST161432							SAL_LB0898AA							Quadram Institute Bioscience	South America	Brazil	14/02/2022							11/02/2022	SAMEA12320484	ERS9927313	ERP130357					Gallus gallus; chicken	Poultry	Poultry	BRCH23-C2D09	PRJEB46151			370898
SAL_TC4686AA_AS	ST298405							SAL_LB0899AA							Quadram Institute Bioscience	South America	Brazil	14/02/2022							11/02/2022	SAMEA12320483	ERS9927312	ERP130357					Gallus gallus; chicken	Poultry	Poultry	BRCH23-C2G06	PRJEB46151			370899
SAL_TC4696AA_AS	ST298388							SAL_LB0909AA							Quadram Institute Bioscience	South America	Brazil	14/02/2022							11/02/2022	SAMEA12320473	ERS9927302	ERP130357					Gallus gallus; chicken	Poultry	Poultry	BRCH23-C2G07	PRJEB46151			370909
SAL_TC4697AA_AS	ST161634							SAL_LB0910AA							Quadram Institute Bioscience	South America	Brazil	14/02/2022							11/02/2022	SAMEA12320472	ERS9927301	ERP130357					Gallus gallus; chicken	Poultry	Poultry	BRCH23-C2E03	PRJEB46151			370910
SAL_TC4698AA_AS	ST162049							SAL_LB0911AA							Quadram Institute Bioscience	South America	Brazil	14/02/2022							11/02/2022	SAMEA12320471	ERS9927300	ERP130357					Gallus gallus; chicken	Poultry	Poultry	BRCH23-C2G02	PRJEB46151			370911
SAL_TC4732AA_AS	ST298376							SAL_LB0945AA							Quadram Institute Bioscience	South America	Brazil	14/02/2022							11/02/2022	SAMEA12320436	ERS9927265	ERP130357					Gallus gallus; chicken	Poultry	Poultry	BRCH23-C2A02	PRJEB46151			370945
SAL_TC4753AA_AS	ST161329							SAL_LB0966AA							Quadram Institute Bioscience	South America	Brazil	14/02/2022							11/02/2022	SAMEA12320415	ERS9927244	ERP130357					Gallus gallus; chicken	Poultry	Poultry	BRCH23-C2A08	PRJEB46151			370966
SAL_TC4757AA_AS	ST161255							SAL_LB0970AA							Quadram Institute Bioscience	South America	Brazil	14/02/2022							11/02/2022	SAMEA12320411	ERS9927240	ERP130357					Gallus gallus; chicken	Poultry	Poultry	BRCH23-C2E09	PRJEB46151			370970
SAL_TC4761AA_AS	ST162058							SAL_LB0974AA							Quadram Institute Bioscience	South America	Brazil	14/02/2022							11/02/2022	SAMEA12320407	ERS9927236	ERP130357					Gallus gallus; chicken	Poultry	Poultry	BRCH23-C2C05	PRJEB46151			370974
SAL_TC4779AA_AS	ST162062							SAL_LB0992AA							Quadram Institute Bioscience	South America	Brazil	14/02/2022							11/02/2022	SAMEA12320389	ERS9927218	ERP130357					Gallus gallus; chicken	Poultry	Poultry	BRCH23-C2F03	PRJEB46151			370992
SAL_TC4782AA_AS	ST161988							SAL_LB0995AA							Quadram Institute Bioscience	South America	Brazil	14/02/2022							11/02/2022	SAMEA12320386	ERS9927215	ERP130357					Gallus gallus; chicken	Poultry	Poultry	BRCH23-C2A09	PRJEB46151			370995
SAL_TC4792AA_AS	ST298356							SAL_LB1005AA							Quadram Institute Bioscience	South America	Brazil	14/02/2022							11/02/2022	SAMEA12320376	ERS9927205	ERP130357					Gallus gallus; chicken	Poultry	Poultry	BRCH23-C2F05	PRJEB46151			371005
SAL_TC4803AA_AS	ST161490							SAL_LB1016AA							Quadram Institute Bioscience	South America	Brazil	14/02/2022							11/02/2022	SAMEA12320365	ERS9927194	ERP130357					Gallus gallus; chicken	Poultry	Poultry	BRCH23-C2G04	PRJEB46151			371016
SAL_TC4809AA_AS	ST161337							SAL_LB1022AA							Quadram Institute Bioscience	South America	Brazil	14/02/2022							11/02/2022	SAMEA12320359	ERS9927188	ERP130357					Gallus gallus; chicken	Poultry	Poultry	BRCH23-C2G10	PRJEB46151			371022
SAL_TC7773AA_AS	ST300785							SAL_LB3602AA			5		2021		UAEU		United Arab Emirates	17/03/2022			25.2048493	55.2707828			15/03/2022	SAMN26497201	SRS12232775	SRP363275				Minnesota	chicken from supermarket	Poultry	Poultry	microbial	PRJNA813374			373602
SAL_UC1768AA_AS	ST304010		KwaZulu-Natal					SAL_LB7889AA		15	3		2022		"Anthony Smith, NICD"	Africa	South Africa	06/05/2022							06/05/2022	SAMEA14356617	ERS11950233	ERP123572				Minnesota	Animal meat	Food	Food	YA00319047	PRJEB39988			377889
SAL_UC1998AA_AS	ST304216		KwaZulu-Natal					SAL_LB8706AA		15	3		2022		"Anthony Smith, NICD"	Africa	South Africa	10/05/2022							10/05/2022	SAMEA14371016	ERS11965480	ERP123572				Minnesota	Animal meat	Food	Food	YA00319070	PRJEB39988			378706
SAL_UC1999AA_AS	ST304218		KwaZulu-Natal					SAL_LB8707AA		15	3		2022		"Anthony Smith, NICD"	Africa	South Africa	10/05/2022							10/05/2022	SAMEA14371009	ERS11965473	ERP123572				Minnesota	Animal meat	Food	Food	YA00319071	PRJEB39988			378707
SAL_UC2048AA_AS	ST304262		KwaZulu-Natal					SAL_LB8801AA		15	3		2022		"Anthony Smith, NICD"	Africa	South Africa	10/05/2022							10/05/2022	SAMEA14372702	ERS11967410	ERP123572				Minnesota	Animal meat	Food	Food	YA00319067	PRJEB39988			378801
SAL_UC2050AA_AS	ST304266		KwaZulu-Natal					SAL_LB8803AA		15	3		2022		"Anthony Smith, NICD"	Africa	South Africa	10/05/2022							10/05/2022	SAMEA14372699	ERS11967407	ERP123572				Minnesota	Animal meat	Food	Food	YA00319065	PRJEB39988			378803
SAL_UC3865AA_AS	ST305754		KwaZulu-Natal					SAL_LB9950AA		15	3		2022		"Anthony Smith, NICD"	Africa	South Africa	26/05/2022							26/05/2022	SAMEA14452841	ERS12074644	ERP123572				Minnesota	Animal meat	Food	Food	YA00319060	PRJEB39988			379950
SAL_UC3870AA_AS	ST305761		KwaZulu-Natal					SAL_LB9955AA		15	3		2022		"Anthony Smith, NICD"	Africa	South Africa	26/05/2022							26/05/2022	SAMEA14452846	ERS12074649	ERP123572				Minnesota	Animal meat	Food	Food	YA00319057	PRJEB39988			379955
SAL_UC3871AA_AS	ST305759		KwaZulu-Natal					SAL_LB9956AA		15	3		2022		"Anthony Smith, NICD"	Africa	South Africa	26/05/2022							26/05/2022	SAMEA14452847	ERS12074650	ERP123572				Minnesota	Animal meat	Food	Food	YA00319058	PRJEB39988			379956
SAL_UC3872AA_AS	ST305760		KwaZulu-Natal					SAL_LB9957AA		15	3		2022		"Anthony Smith, NICD"	Africa	South Africa	26/05/2022							26/05/2022	SAMEA14452848	ERS12074651	ERP123572				Minnesota	Animal meat	Food	Food	YA00319053	PRJEB39988			379957
SAL_UC3873AA_AS	ST305762		KwaZulu-Natal					SAL_LB9958AA		15	3		2022		"Anthony Smith, NICD"	Africa	South Africa	26/05/2022							26/05/2022	SAMEA14453027	ERS12074830	ERP123572				Minnesota	Animal meat	Food	Food	YA00319062	PRJEB39988			379958
SAL_UC3879AA_AS	ST305766		KwaZulu-Natal					SAL_LB9964AA		15	3		2022		"Anthony Smith, NICD"	Africa	South Africa	26/05/2022							26/05/2022	SAMEA14453033	ERS12074836	ERP123572				Minnesota	Animal meat	Food	Food	YA00319055	PRJEB39988			379964
SAL_VC0794AA_AS	ST311285							SAL_MB6451AA			5		2022		Public Health England	Europe	United Kingdom	10/06/2022							10/06/2022	SAMN28945997	SRS13351914	SRP042645				Minnesota	food	Food	ND/Others	1642675	PRJNA248792	I		386451
SAL_VC0798AA_AS	ST311281							SAL_MB6455AA			5		2022		Public Health England	Europe	United Kingdom	10/06/2022							10/06/2022	SAMN28945994	SRS13351834	SRP042645				Minnesota	food	Food	ND/Others	1642673	PRJNA248792	I		386455
SAL_VC0800AA_AS	ST311282							SAL_MB6457AA			5		2022		Public Health England	Europe	United Kingdom	10/06/2022							10/06/2022	SAMN28946004	SRS13351831	SRP042645				Minnesota	food	Food	ND/Others	1642629	PRJNA248792	I		386457
SAL_VC0909AA_AS	ST311191							SAL_MB6719AA			6		2022		Public Health England	Europe	United Kingdom	13/06/2022							13/06/2022	SAMN28968407	SRS13374159	SRP042645				Minnesota	food	Food	ND/Others	1643259	PRJNA248792	I		386719
SAL_VC0915AA_AS	ST311188							SAL_MB6725AA			6		2022		Public Health England	Europe	United Kingdom	13/06/2022							13/06/2022	SAMN28968409	SRS13374107	SRP042645				Minnesota	food	Food	ND/Others	1643284	PRJNA248792	I		386725
SAL_VC0921AA_AS	ST311181							SAL_MB6731AA			6		2022		Public Health England	Europe	United Kingdom	13/06/2022							13/06/2022	SAMN28968416	SRS13374052	SRP042645				Minnesota	food	Food	ND/Others	1643255	PRJNA248792	I		386731
SAL_VC1617AA_AS	ST311943							SAL_MB7593AA			8		2020		Saudi Food and Drug Authority		Saudi Arabia	21/06/2022			26.4207	50.0888			21/06/2022	SAMN28815171	SRS13496825	SRP382798					Poultry	Poultry	Poultry	Minnesota	PRJNA844381			387593
SAL_VC1618AA_AS	ST311943							SAL_MB7594AA			8		2020		Saudi Food and Drug Authority		Saudi Arabia	21/06/2022			26.4207	50.0888			21/06/2022	SAMN28815320	SRS13496659	SRP382792				Minnesota	Poultry	Poultry	Poultry	SM49319	PRJNA844392	I		387594
